x,y,frame
1247,153,0
947,411,1
946,411,2
947,412,3
947,411,4
948,411,5
946,412,6
944,412,7
934,412,8
920,409,9
903,408,10
885,404,11
866,402,12
846,399,13
823,396,14
802,393,15
781,390,16
764,387,17
746,384,18
730,382,19
711,379,20
698,376,21
683,374,22
668,371,23
653,368,24
641,367,25
627,364,26
615,362,27
606,360,28
602,361,29
598,361,30
593,361,31
588,361,32
582,361,33
570,360,34
561,360,35
551,360,36
542,360,37
532,359,38
522,358,39
513,357,40
505,357,41
496,356,42
487,355,43
480,354,44
474,354,45
464,353,46
461,354,47
453,354,48
443,354,49
433,354,50
426,354,51
420,355,52
407,355,53
399,356,54
390,356,55
381,357,56
369,358,57
361,358,58
348,359,59
337,360,60
332,360,61
324,361,62
316,362,63
307,362,64
299,363,65
290,363,66
283,364,67
278,366,68
271,367,69
262,370,70
258,371,71
249,373,72
244,374,73
237,376,74
231,378,75
226,380,76
221,382,77
216,384,78
209,388,79
202,391,80
195,394,81
190,396,82
186,398,83
186,398,84
188,398,85
186,399,86
187,399,87
184,401,88
187,400,89
187,400,90
188,400,91
188,400,92
187,401,93
188,400,94
187,401,95
186,401,96
188,401,97
187,401,98
187,400,99
188,401,100
189,401,101
188,401,102
188,401,103
190,401,104
186,403,105
181,408,106
180,413,107
178,418,108
176,422,109
176,425,110
177,427,111
175,431,112
178,434,113
181,437,114
185,442,115
189,446,116
194,452,117
198,455,118
204,462,119
208,468,120
215,474,121
220,480,122
229,483,123
249,484,124
265,483,125
278,483,126
292,483,127
303,483,128
314,481,129
323,477,130
344,472,131
366,466,132
384,461,133
405,459,134
421,458,135
433,458,136
453,459,137
464,458,138
485,459,139
494,458,140
506,458,141
516,458,142
526,459,143
541,458,144
551,457,145
560,457,146
570,457,147
575,456,148
585,456,149
590,456,150
597,456,151
609,452,152
621,446,153
636,442,154
652,439,155
667,434,156
678,431,157
692,428,158
701,427,159
719,422,160
730,420,161
746,418,162
757,416,163
774,413,164
781,412,165
792,411,166
804,410,167
817,408,168
828,406,169
837,405,170
844,404,171
855,403,172
863,402,173
871,402,174
879,401,175
887,401,176
895,401,177
904,401,178
911,400,179
916,400,180
922,399,181
929,399,182
935,398,183
939,398,184
946,397,185
951,396,186
958,396,187
962,395,188
972,394,189
979,393,190
986,392,191
994,391,192
1002,390,193
1007,389,194
1015,388,195
1020,387,196
1026,386,197
1034,384,198
1040,382,199
1044,381,200
1050,379,201
1054,379,202
1059,378,203
1065,377,204
1071,376,205
1075,374,206
1080,373,207
1085,372,208
1087,371,209
1090,369,210
1095,367,211
1101,365,212
1105,363,213
1108,360,214
1108,357,215
1110,352,216
1112,345,217
1113,339,218
1114,335,219
1115,330,220
1117,326,221
1117,323,222
1118,319,223
1119,316,224
1122,308,225
1122,300,226
1120,294,227
1118,285,228
1117,275,229
1115,267,230
1114,257,231
1113,250,232
1111,242,233
1109,232,234
1102,225,235
1089,218,236
1077,214,237
1061,209,238
1042,208,239
1023,209,240
1004,209,241
984,210,242
966,210,243
948,208,244
928,208,245
910,207,246
892,204,247
871,203,248
853,203,249
833,201,250
814,198,251
798,196,252
787,194,253
779,193,254
775,192,255
768,191,256
761,189,257
752,189,258
737,189,259
720,187,260
703,186,261
686,185,262
670,183,263
653,183,264
636,184,265
618,185,266
599,187,267
583,189,268
563,190,269
549,191,270
535,193,271
519,194,272
505,195,273
494,196,274
479,198,275
467,198,276
454,199,277
441,201,278
429,202,279
416,203,280
403,204,281
393,206,282
383,207,283
373,208,284
363,210,285
356,211,286
349,212,287
341,213,288
335,215,289
329,216,290
320,220,291
312,224,292
303,228,293
293,232,294
285,235,295
277,237,296
271,240,297
266,242,298
262,243,299
260,244,300
258,246,301
258,247,302
256,248,303
256,248,304
257,248,305
257,248,306
258,248,307
259,249,308
259,249,309
259,249,310
259,249,311
259,249,312
260,248,313
257,245,314
260,239,315
265,233,316
268,229,317
272,224,318
276,218,319
280,208,320
283,202,321
285,197,322
286,193,323
288,185,324
289,184,325
290,183,326
291,180,327
291,179,328
292,175,329
299,167,330
314,165,331
328,163,332
344,160,333
365,158,334
383,158,335
406,156,336
426,155,337
443,155,338
463,154,339
483,152,340
498,150,341
515,149,342
532,146,343
542,136,344
552,121,345
567,100,346
573,86,347
583,62,348
589,50,349
596,34,350
599,34,351
605,33,352
609,31,353
616,31,354
622,30,355
624,31,356
626,31,357
626,31,358
621,36,359
620,38,360
621,37,361
622,31,362
614,40,363
607,33,364
605,34,365
604,34,366
613,33,367
621,33,368
627,33,369
632,35,370
633,39,371
639,41,372
643,42,373
648,41,374
651,42,375
654,42,376
658,42,377
662,42,378
665,42,379
665,44,380
669,48,381
684,60,382
690,64,383
693,67,384
701,73,385
708,77,386
714,81,387
719,84,388
725,85,389
731,88,390
741,93,391
747,96,392
756,100,393
761,102,394
768,104,395
775,107,396
781,109,397
791,111,398
796,113,399
805,116,400
815,117,401
824,119,402
832,121,403
836,122,404
843,125,405
850,126,406
858,128,407
868,131,408
879,133,409
890,141,410
905,150,411
925,160,412
944,173,413
964,185,414
981,198,415
993,206,416
1005,214,417
1019,225,418
1031,234,419
1044,243,420
1055,252,421
1062,258,422
1067,262,423
1070,264,424
1076,267,425
1079,270,426
1083,272,427
1088,275,428
1085,274,429
1085,275,430
1083,274,431
1084,276,432
1084,277,433
1087,281,434
1087,283,435
1088,286,436
1090,288,437
1092,291,438
1094,294,439
1098,296,440
1098,296,441
1097,296,442
1097,296,443
1098,296,444
1098,296,445
1100,296,446
1101,295,447
1103,296,448
1105,296,449
1108,297,450
1114,300,451
1114,300,452
1116,301,453
1120,302,454
1120,302,455
1120,302,456
1121,302,457
1119,301,458
1120,301,459
1119,301,460
1119,301,461
1119,302,462
1122,303,463
1120,302,464
1120,302,465
1119,302,466
1117,302,467
1117,303,468
1115,302,469
1117,301,470
1116,299,471
1118,297,472
1121,294,473
1118,294,474
1119,293,475
1119,292,476
1120,292,477
1121,293,478
1122,293,479
1120,293,480
1123,293,481
1125,293,482
1128,293,483
1129,293,484
1126,293,485
1126,294,486
1127,294,487
1128,295,488
1130,296,489
1133,298,490
1134,299,491
1134,299,492
1134,300,493
1133,300,494
1132,299,495
1138,303,496
1136,303,497
1138,304,498
1141,305,499
1142,303,500
1139,302,501
1133,299,502
1134,298,503
1134,298,504
1134,298,505
1131,298,506
1134,300,507
1134,303,508
1134,304,509
1130,301,510
1130,301,511
1225,417,512
1219,184,513
1130,306,514
1129,309,515
1129,310,516
1130,313,517
1130,315,518
1131,320,519
1131,324,520
NA,NA,521
1135,334,522
1133,332,523
1132,332,524
1131,330,525
1131,333,526
1135,337,527
1131,334,528
1125,330,529
1120,329,530
1120,328,531
1114,326,532
1114,326,533
1127,326,534
1124,326,535
1123,325,536
1122,325,537
1122,324,538
1123,324,539
1121,324,540
1121,324,541
1120,324,542
1119,324,543
1120,323,544
1118,323,545
1118,322,546
1120,320,547
1121,319,548
1120,319,549
1123,317,550
1129,314,551
1126,315,552
1128,313,553
1126,314,554
1129,309,555
1131,305,556
1132,303,557
1134,299,558
1138,293,559
1141,288,560
1148,285,561
1145,282,562
1143,280,563
1147,276,564
1218,199,565
1150,272,566
1151,269,567
1151,268,568
1153,265,569
1155,263,570
1157,258,571
1215,199,572
1216,176,573
1156,254,574
1159,252,575
1156,255,576
1156,254,577
1156,253,578
1158,249,579
1157,251,580
1200,228,581
1157,242,582
1156,237,583
1155,237,584
1153,241,585
1217,182,586
1151,238,587
1151,237,588
1155,233,589
1215,186,590
1159,228,591
1218,157,592
1201,200,593
1215,190,594
1209,199,595
1215,179,596
1205,214,597
1207,205,598
1221,210,599
1215,158,600
1205,196,601
NA,NA,602
1241,153,603
1206,196,604
1203,188,605
1211,214,606
1211,215,607
1213,210,608
1228,148,609
1211,211,610
1212,207,611
1214,204,612
1209,210,613
1214,210,614
1220,205,615
1225,224,616
1212,197,617
NA,NA,618
1214,205,619
1216,191,620
1229,173,621
1213,208,622
1216,200,623
1206,209,624
1211,206,625
1212,204,626
1157,214,627
1148,216,628
1147,215,629
1148,215,630
1148,215,631
1147,214,632
1148,212,633
1148,212,634
1145,212,635
1152,211,636
1155,211,637
1215,198,638
1151,212,639
1152,211,640
1207,210,641
1152,208,642
1220,160,643
1229,156,644
1229,120,645
1212,212,646
1212,210,647
1201,232,648
1203,234,649
1204,235,650
1218,234,651
1239,162,652
1131,198,653
1214,348,654
1225,377,655
1228,105,656
1111,73,657
1218,368,658
1189,161,659
1146,234,660
1221,394,661
1142,235,662
1141,236,663
1138,238,664
1216,69,665
1138,236,666
1135,238,667
1133,239,668
1132,240,669
1128,244,670
1126,244,671
1218,164,672
1106,251,673
1099,252,674
1095,252,675
1089,253,676
1082,256,677
1079,255,678
1075,256,679
1074,255,680
1068,256,681
1058,257,682
1054,258,683
1048,259,684
1043,259,685
1036,260,686
1032,261,687
1023,262,688
1014,265,689
1008,267,690
1000,270,691
995,272,692
992,274,693
988,276,694
984,277,695
983,279,696
984,280,697
984,278,698
988,278,699
992,277,700
997,277,701
998,275,702
1000,274,703
1004,273,704
1004,273,705
1007,273,706
1007,273,707
1004,273,708
1008,274,709
1006,274,710
1005,274,711
1007,275,712
1005,275,713
1010,277,714
1009,277,715
1011,275,716
1013,271,717
1013,267,718
1019,259,719
1027,250,720
1032,244,721
1038,237,722
1044,227,723
1051,218,724
1059,208,725
1064,200,726
1069,191,727
1081,176,728
1089,165,729
1097,154,730
1106,142,731
1114,130,732
1122,118,733
1129,109,734
1133,102,735
1137,97,736
1140,93,737
1144,88,738
1148,80,739
1153,75,740
1155,70,741
1158,66,742
1161,62,743
1163,58,744
1168,52,745
1218,109,746
1175,47,747
1172,48,748
1174,47,749
1175,47,750
1181,45,751
1211,70,752
1164,51,753
1168,54,754
1166,57,755
1165,60,756
1219,121,757
1165,64,758
1229,102,759
1229,117,760
1213,112,761
1218,478,762
1203,106,763
1226,88,764
1230,88,765
1222,434,766
1212,129,767
1210,132,768
1212,146,769
1208,136,770
1213,135,771
1239,146,772
1212,157,773
1229,116,774
1211,141,775
1210,138,776
1228,128,777
1203,156,778
1212,164,779
1206,115,780
1199,172,781
1196,190,782
1195,202,783
1194,209,784
1193,219,785
1193,221,786
1197,238,787
1198,239,788
1193,245,789
1194,244,790
1195,242,791
1196,253,792
1198,257,793
1199,260,794
1204,266,795
1206,270,796
1213,273,797
1215,274,798
1208,260,799
1207,275,800
1204,275,801
1203,280,802
1200,280,803
1198,278,804
1197,283,805
1196,286,806
1195,288,807
1194,294,808
1192,311,809
1192,317,810
1192,308,811
1194,304,812
1175,330,813
1174,328,814
1172,328,815
1166,335,816
1166,332,817
1166,332,818
1165,332,819
1164,330,820
1164,328,821
1165,326,822
1164,325,823
1164,323,824
1164,323,825
1164,322,826
1161,321,827
1156,320,828
1150,318,829
1147,315,830
1143,313,831
1139,311,832
1132,310,833
1125,309,834
1112,310,835
1105,314,836
1096,319,837
1086,325,838
1072,333,839
1063,339,840
1049,353,841
1037,363,842
1029,371,843
1019,384,844
1012,391,845
1002,404,846
996,413,847
989,422,848
984,432,849
978,439,850
973,446,851
969,454,852
972,451,853
960,463,854
954,465,855
958,464,856
950,465,857
946,466,858
943,468,859
933,472,860
927,474,861
921,474,862
921,475,863
916,473,864
906,463,865
901,458,866
890,449,867
884,446,868
876,441,869
867,436,870
859,434,871
850,432,872
841,429,873
831,427,874
819,426,875
808,425,876
796,424,877
782,424,878
769,425,879
756,424,880
741,424,881
728,425,882
716,425,883
704,425,884
688,425,885
676,425,886
664,425,887
652,425,888
640,425,889
631,425,890
620,424,891
608,423,892
596,421,893
584,418,894
571,407,895
574,395,896
576,381,897
575,361,898
575,344,899
577,325,900
578,308,901
579,293,902
580,277,903
582,261,904
585,245,905
588,234,906
590,222,907
592,211,908
595,201,909
598,189,910
602,178,911
604,167,912
607,158,913
610,146,914
621,137,915
633,135,916
651,134,917
672,131,918
688,130,919
703,130,920
722,130,921
738,130,922
757,133,923
773,136,924
791,140,925
805,143,926
822,146,927
838,147,928
850,148,929
864,148,930
876,149,931
889,150,932
900,152,933
910,154,934
919,161,935
925,171,936
931,181,937
936,192,938
940,202,939
940,211,940
941,222,941
943,233,942
944,251,943
945,263,944
945,284,945
945,306,946
945,324,947
945,341,948
946,351,949
946,358,950
947,361,951
947,366,952
948,375,953
948,379,954
947,383,955
949,388,956
948,391,957
951,394,958
956,396,959
963,399,960
970,400,961
976,402,962
979,402,963
985,401,964
995,395,965
1002,390,966
1008,385,967
1015,381,968
1024,376,969
1032,372,970
1037,369,971
1044,368,972
1049,367,973
1053,366,974
1056,366,975
1059,366,976
1064,364,977
1067,363,978
1069,362,979
1070,360,980
1071,355,981
1072,350,982
1075,345,983
1076,342,984
1079,339,985
1084,334,986
1087,332,987
1090,328,988
1096,323,989
1098,321,990
1099,319,991
1099,318,992
1098,318,993
1099,316,994
1100,315,995
1100,314,996
1102,310,997
1101,303,998
1099,295,999
1097,287,1000
1094,281,1001
1090,270,1002
1082,262,1003
1070,254,1004
1057,247,1005
1043,244,1006
1020,244,1007
995,243,1008
976,243,1009
957,243,1010
936,244,1011
916,244,1012
898,244,1013
880,243,1014
862,240,1015
845,239,1016
827,237,1017
813,235,1018
794,232,1019
780,230,1020
767,228,1021
751,225,1022
737,222,1023
726,220,1024
716,218,1025
707,216,1026
697,214,1027
694,214,1028
690,213,1029
687,213,1030
683,213,1031
678,215,1032
671,221,1033
663,232,1034
655,241,1035
647,249,1036
640,257,1037
633,265,1038
627,270,1039
619,273,1040
610,274,1041
601,275,1042
592,276,1043
584,278,1044
575,279,1045
566,280,1046
555,283,1047
545,284,1048
536,286,1049
524,290,1050
515,294,1051
504,299,1052
495,302,1053
486,305,1054
476,308,1055
468,310,1056
460,313,1057
456,314,1058
453,315,1059
452,315,1060
448,316,1061
445,316,1062
438,316,1063
433,312,1064
426,309,1065
417,304,1066
406,300,1067
393,294,1068
383,290,1069
375,288,1070
366,285,1071
352,279,1072
342,275,1073
332,272,1074
321,268,1075
310,264,1076
301,261,1077
291,257,1078
282,254,1079
275,251,1080
267,248,1081
261,246,1082
256,244,1083
249,241,1084
243,239,1085
237,236,1086
230,234,1087
223,231,1088
213,229,1089
206,226,1090
195,222,1091
187,220,1092
177,217,1093
166,213,1094
158,210,1095
151,208,1096
142,205,1097
134,202,1098
120,196,1099
119,196,1100
107,191,1101
106,191,1102
107,193,1103
104,192,1104
105,193,1105
108,195,1106
114,198,1107
121,205,1108
132,207,1109
141,206,1110
149,205,1111
158,199,1112
168,196,1113
185,197,1114
208,194,1115
230,191,1116
247,189,1117
272,187,1118
291,186,1119
312,186,1120
337,182,1121
362,177,1122
390,168,1123
409,157,1124
427,148,1125
447,139,1126
465,133,1127
482,126,1128
500,119,1129
517,112,1130
531,102,1131
549,88,1132
567,75,1133
580,60,1134
591,48,1135
605,31,1136
608,31,1137
609,31,1138
609,30,1139
610,30,1140
612,33,1141
612,36,1142
619,40,1143
642,48,1144
647,49,1145
648,50,1146
649,51,1147
662,53,1148
671,61,1149
675,69,1150
682,75,1151
690,83,1152
700,91,1153
709,100,1154
722,109,1155
737,120,1156
752,132,1157
764,140,1158
777,149,1159
789,158,1160
803,167,1161
815,175,1162
829,184,1163
840,192,1164
853,200,1165
865,204,1166
873,208,1167
886,214,1168
899,221,1169
910,225,1170
921,229,1171
929,233,1172
940,238,1173
950,242,1174
959,246,1175
970,251,1176
982,259,1177
993,266,1178
1002,270,1179
1014,275,1180
1022,277,1181
1031,280,1182
1032,280,1183
1037,281,1184
1039,282,1185
1046,284,1186
1048,285,1187
1047,284,1188
1048,284,1189
1046,283,1190
1048,283,1191
1048,283,1192
1048,284,1193
1047,283,1194
1048,284,1195
1047,283,1196
1047,283,1197
1047,283,1198
1048,282,1199
1049,278,1200
1051,269,1201
1050,260,1202
1048,254,1203
1046,247,1204
1046,234,1205
1042,224,1206
1037,215,1207
1030,206,1208
1022,194,1209
1005,180,1210
988,176,1211
971,170,1212
953,165,1213
938,165,1214
918,163,1215
899,160,1216
884,158,1217
868,155,1218
851,152,1219
835,148,1220
824,145,1221
811,142,1222
804,141,1223
795,138,1224
787,136,1225
779,133,1226
768,130,1227
757,127,1228
748,123,1229
736,121,1230
726,120,1231
718,120,1232
708,120,1233
700,120,1234
693,119,1235
685,117,1236
680,115,1237
673,113,1238
666,110,1239
660,106,1240
656,97,1241
646,79,1242
637,62,1243
636,61,1244
618,30,1245
613,32,1246
614,31,1247
618,31,1248
621,31,1249
620,31,1250
623,31,1251
629,31,1252
632,31,1253
626,57,1254
634,44,1255
640,34,1256
631,33,1257
633,46,1258
626,47,1259
625,58,1260
621,59,1261
606,55,1262
604,61,1263
606,52,1264
600,60,1265
611,46,1266
616,44,1267
633,34,1268
629,40,1269
638,39,1270
641,44,1271
653,50,1272
659,51,1273
667,53,1274
674,55,1275
683,59,1276
689,63,1277
696,66,1278
709,72,1279
714,75,1280
721,79,1281
725,81,1282
734,84,1283
741,88,1284
750,91,1285
755,92,1286
764,93,1287
772,95,1288
778,96,1289
792,101,1290
797,105,1291
804,111,1292
810,115,1293
815,119,1294
821,122,1295
824,126,1296
829,130,1297
834,135,1298
840,140,1299
846,146,1300
852,151,1301
858,156,1302
865,158,1303
869,159,1304
878,163,1305
889,170,1306
894,172,1307
901,175,1308
909,179,1309
917,183,1310
923,186,1311
932,193,1312
937,197,1313
944,202,1314
978,247,1315
978,248,1316
982,251,1317
984,252,1318
986,254,1319
988,255,1320
988,256,1321
989,256,1322
990,257,1323
992,258,1324
1001,259,1325
1013,264,1326
1025,269,1327
1037,274,1328
1051,278,1329
1061,283,1330
1073,287,1331
1083,290,1332
1093,293,1333
1105,298,1334
1114,303,1335
1122,306,1336
1129,308,1337
1135,310,1338
1135,310,1339
1139,312,1340
1141,313,1341
1142,313,1342
1142,313,1343
1145,315,1344
1152,319,1345
1153,321,1346
1154,325,1347
1159,333,1348
1161,337,1349
1166,349,1350
1167,354,1351
1168,357,1352
1172,365,1353
1221,410,1354
1227,432,1355
1172,362,1356
1200,390,1357
1222,410,1358
1172,356,1359
1172,355,1360
1172,356,1361
1173,362,1362
1212,407,1363
1215,428,1364
1221,461,1365
1216,413,1366
1222,444,1367
1172,369,1368
1171,370,1369
1171,370,1370
1171,371,1371
1171,371,1372
1171,372,1373
1172,374,1374
1172,376,1375
1172,375,1376
1172,376,1377
1195,416,1378
1195,417,1379
1201,427,1380
1217,443,1381
1220,480,1382
1215,438,1383
NA,NA,1384
1214,433,1385
1207,416,1386
NA,NA,1387
1225,465,1388
1212,450,1389
1221,466,1390
1227,467,1391
1217,458,1392
1211,460,1393
1224,456,1394
1217,463,1395
1212,470,1396
1220,476,1397
1215,469,1398
1207,473,1399
1220,478,1400
1214,472,1401
1222,462,1402
1223,456,1403
1210,471,1404
1220,480,1405
1224,460,1406
1224,409,1407
1220,479,1408
1219,462,1409
1223,473,1410
NA,NA,1411
NA,NA,1412
1222,476,1413
1219,471,1414
NA,NA,1415
1216,461,1416
1212,476,1417
1220,473,1418
1217,468,1419
1222,480,1420
1219,480,1421
NA,NA,1422
1219,475,1423
1220,474,1424
1220,474,1425
1217,477,1426
NA,NA,1427
NA,NA,1428
NA,NA,1429
NA,NA,1430
NA,NA,1431
1215,437,1432
1216,435,1433
1210,448,1434
1203,421,1435
1167,444,1436
NA,NA,1437
NA,NA,1438
1217,411,1439
NA,NA,1440
1221,404,1441
1217,393,1442
1204,387,1443
1194,419,1444
1209,396,1445
1219,479,1446
1198,351,1447
1197,342,1448
1197,332,1449
1222,404,1450
1197,344,1451
1198,326,1452
1200,317,1453
1201,314,1454
1204,310,1455
1210,301,1456
1219,284,1457
1213,292,1458
1210,297,1459
1212,293,1460
1212,292,1461
1212,289,1462
1209,293,1463
1208,294,1464
1208,296,1465
1207,297,1466
1208,292,1467
1206,297,1468
1204,297,1469
1202,299,1470
1198,305,1471
1197,309,1472
1176,294,1473
1173,295,1474
1170,296,1475
1168,295,1476
1162,296,1477
1157,300,1478
1152,302,1479
1145,301,1480
1139,300,1481
1132,300,1482
1118,300,1483
1110,300,1484
1103,299,1485
1095,299,1486
1083,297,1487
1079,292,1488
1078,284,1489
1081,277,1490
1085,270,1491
1088,263,1492
1091,259,1493
1094,251,1494
1098,244,1495
1111,226,1496
1118,212,1497
1126,199,1498
1135,185,1499
1141,173,1500
1149,157,1501
1158,138,1502
1226,136,1503
1171,113,1504
1200,71,1505
1227,108,1506
1211,74,1507
1202,83,1508
1212,113,1509
1207,69,1510
1218,70,1511
1211,107,1512
1213,98,1513
1219,136,1514
1229,111,1515
1210,98,1516
1194,73,1517
1194,72,1518
1206,68,1519
1218,123,1520
1210,104,1521
1156,104,1522
1160,99,1523
1212,110,1524
1228,197,1525
1213,112,1526
1221,203,1527
1229,173,1528
1199,105,1529
1231,88,1530
1215,179,1531
1214,146,1532
1229,177,1533
1219,149,1534
1212,102,1535
NA,NA,1536
1240,133,1537
1215,110,1538
1212,108,1539
1243,151,1540
1243,94,1541
1212,132,1542
1211,147,1543
1228,181,1544
1213,139,1545
1230,169,1546
1217,155,1547
1216,180,1548
1214,121,1549
1213,137,1550
1244,161,1551
1213,133,1552
1213,134,1553
1217,153,1554
1251,186,1555
1231,107,1556
NA,NA,1557
1227,191,1558
1230,85,1559
1195,155,1560
1215,185,1561
1226,64,1562
1213,205,1563
1212,204,1564
1211,207,1565
NA,NA,1566
1229,84,1567
1212,239,1568
1216,136,1569
1212,251,1570
1214,256,1571
1217,261,1572
1217,267,1573
1220,273,1574
1220,278,1575
1221,283,1576
1222,285,1577
1220,287,1578
1219,290,1579
1218,294,1580
1218,306,1581
1217,309,1582
1218,318,1583
1219,326,1584
1218,333,1585
1216,341,1586
1215,347,1587
1222,400,1588
1220,404,1589
1224,403,1590
1221,402,1591
1205,398,1592
1220,402,1593
1223,415,1594
1215,392,1595
1211,394,1596
1220,415,1597
1217,415,1598
1218,409,1599
1221,407,1600
1220,417,1601
NA,NA,1602
NA,NA,1603
1221,430,1604
1219,462,1605
NA,NA,1606
1222,425,1607
NA,NA,1608
NA,NA,1609
1219,440,1610
1232,481,1611
1226,411,1612
1223,398,1613
NA,NA,1614
NA,NA,1615
1226,411,1616
NA,NA,1617
1210,372,1618
1204,370,1619
1205,363,1620
1207,355,1621
1220,399,1622
1207,348,1623
1210,342,1624
1212,337,1625
1212,337,1626
1211,336,1627
1212,334,1628
1213,330,1629
1211,329,1630
1208,325,1631
1203,317,1632
1199,309,1633
1195,300,1634
1194,295,1635
1191,287,1636
1190,279,1637
1177,269,1638
1177,266,1639
1177,262,1640
1177,263,1641
1176,265,1642
1176,268,1643
1175,264,1644
1175,254,1645
1176,250,1646
1177,233,1647
1229,136,1648
NA,NA,1649
1157,170,1650
1154,165,1651
1145,164,1652
1139,163,1653
1127,161,1654
1112,156,1655
1094,159,1656
1215,145,1657
1060,162,1658
1041,164,1659
1020,167,1660
1002,168,1661
987,169,1662
971,172,1663
956,174,1664
939,175,1665
925,176,1666
908,177,1667
892,177,1668
876,174,1669
862,172,1670
848,171,1671
832,169,1672
819,167,1673
804,165,1674
790,165,1675
777,164,1676
765,163,1677
754,162,1678
742,160,1679
735,159,1680
723,160,1681
714,164,1682
703,169,1683
690,174,1684
676,180,1685
667,185,1686
658,190,1687
649,197,1688
641,206,1689
632,212,1690
623,218,1691
614,225,1692
606,231,1693
599,237,1694
592,244,1695
586,250,1696
582,255,1697
577,263,1698
573,269,1699
568,274,1700
565,278,1701
562,281,1702
557,284,1703
552,285,1704
553,282,1705
552,275,1706
551,268,1707
550,259,1708
548,249,1709
548,240,1710
547,233,1711
547,225,1712
546,213,1713
545,200,1714
546,181,1715
548,164,1716
551,143,1717
552,128,1718
554,116,1719
555,108,1720
555,102,1721
556,100,1722
556,96,1723
557,94,1724
558,93,1725
557,91,1726
557,91,1727
558,90,1728
562,80,1729
569,68,1730
572,52,1731
577,35,1732
580,35,1733
587,35,1734
593,36,1735
NA,NA,1736
605,33,1737
598,56,1738
606,56,1739
611,56,1740
617,57,1741
618,63,1742
622,61,1743
622,62,1744
622,62,1745
625,51,1746
626,53,1747
630,56,1748
630,61,1749
633,64,1750
636,66,1751
638,68,1752
640,69,1753
644,70,1754
643,71,1755
642,71,1756
638,68,1757
1229,131,1758
1220,143,1759
623,61,1760
619,59,1761
616,58,1762
612,58,1763
1220,159,1764
607,55,1765
1230,132,1766
609,59,1767
611,55,1768
612,54,1769
616,55,1770
619,53,1771
618,55,1772
622,50,1773
623,51,1774
623,54,1775
630,58,1776
641,60,1777
652,62,1778
660,65,1779
670,67,1780
682,70,1781
692,72,1782
693,73,1783
691,74,1784
691,75,1785
687,76,1786
686,76,1787
690,76,1788
688,77,1789
691,78,1790
695,81,1791
698,84,1792
702,88,1793
707,92,1794
711,95,1795
715,98,1796
723,106,1797
727,108,1798
728,109,1799
732,112,1800
737,116,1801
741,119,1802
746,123,1803
750,126,1804
754,130,1805
755,130,1806
758,133,1807
758,133,1808
758,134,1809
759,134,1810
757,134,1811
757,133,1812
759,134,1813
759,133,1814
758,133,1815
760,134,1816
757,132,1817
758,134,1818
760,135,1819
765,138,1820
770,139,1821
773,140,1822
783,143,1823
790,146,1824
796,148,1825
803,150,1826
810,152,1827
818,154,1828
824,156,1829
830,158,1830
833,159,1831
836,160,1832
839,161,1833
842,161,1834
845,162,1835
846,162,1836
846,161,1837
848,162,1838
846,161,1839
848,162,1840
849,162,1841
848,161,1842
850,163,1843
860,172,1844
864,181,1845
870,189,1846
876,196,1847
883,204,1848
890,211,1849
895,216,1850
901,222,1851
905,225,1852
910,229,1853
915,233,1854
920,238,1855
924,242,1856
925,244,1857
927,249,1858
928,258,1859
928,264,1860
927,271,1861
928,276,1862
928,281,1863
929,285,1864
929,288,1865
930,291,1866
929,293,1867
930,296,1868
930,297,1869
930,298,1870
931,299,1871
932,298,1872
932,298,1873
936,299,1874
942,298,1875
949,298,1876
957,297,1877
963,296,1878
971,295,1879
977,294,1880
982,294,1881
990,294,1882
1001,293,1883
1007,293,1884
1014,291,1885
1020,290,1886
1028,288,1887
1033,287,1888
1037,287,1889
1041,286,1890
1050,287,1891
1054,290,1892
1056,293,1893
1059,298,1894
1062,304,1895
1065,311,1896
1068,317,1897
1069,324,1898
1070,329,1899
1072,336,1900
1074,341,1901
1075,345,1902
1075,348,1903
1077,353,1904
1076,353,1905
1077,356,1906
1078,359,1907
1078,361,1908
1079,362,1909
1079,362,1910
1079,363,1911
1085,364,1912
1095,364,1913
1101,362,1914
1107,360,1915
1109,359,1916
1111,358,1917
1113,357,1918
1115,355,1919
1115,354,1920
1119,349,1921
1119,341,1922
1119,333,1923
1119,327,1924
1119,319,1925
1119,314,1926
1119,310,1927
1119,305,1928
1117,294,1929
1111,285,1930
1104,277,1931
1094,268,1932
1087,261,1933
1080,254,1934
1071,246,1935
1065,240,1936
1060,234,1937
1056,230,1938
1044,221,1939
1029,218,1940
1016,215,1941
999,212,1942
982,210,1943
967,207,1944
954,205,1945
937,202,1946
922,200,1947
906,197,1948
892,193,1949
877,192,1950
862,190,1951
848,187,1952
834,183,1953
821,181,1954
811,178,1955
800,176,1956
790,174,1957
779,172,1958
768,173,1959
756,173,1960
744,172,1961
732,172,1962
721,171,1963
710,165,1964
701,156,1965
684,139,1966
675,126,1967
666,111,1968
654,94,1969
645,79,1970
639,68,1971
632,55,1972
634,60,1973
632,60,1974
630,59,1975
627,57,1976
627,58,1977
628,58,1978
630,59,1979
630,60,1980
629,61,1981
627,55,1982
618,53,1983
613,56,1984
603,55,1985
592,49,1986
584,49,1987
577,50,1988
574,48,1989
577,44,1990
591,36,1991
592,44,1992
598,45,1993
601,47,1994
608,46,1995
612,45,1996
615,43,1997
614,44,1998
606,48,1999
601,48,2000
597,46,2001
597,53,2002
596,53,2003
594,60,2004
592,57,2005
604,47,2006
609,46,2007
611,46,2008
613,44,2009
611,46,2010
610,46,2011
608,46,2012
605,47,2013
605,46,2014
607,46,2015
608,44,2016
611,43,2017
618,47,2018
625,52,2019
632,55,2020
642,59,2021
649,61,2022
659,65,2023
667,68,2024
673,70,2025
680,73,2026
685,74,2027
693,78,2028
699,81,2029
704,85,2030
707,87,2031
712,90,2032
720,93,2033
723,95,2034
729,98,2035
733,100,2036
735,102,2037
742,104,2038
748,106,2039
755,109,2040
763,115,2041
770,118,2042
776,120,2043
785,123,2044
789,124,2045
798,128,2046
807,131,2047
814,134,2048
819,136,2049
824,138,2050
828,139,2051
829,139,2052
831,139,2053
833,139,2054
834,139,2055
834,139,2056
833,140,2057
834,140,2058
833,139,2059
834,140,2060
834,140,2061
833,139,2062
834,140,2063
834,140,2064
834,141,2065
837,145,2066
839,149,2067
845,157,2068
850,163,2069
857,168,2070
861,171,2071
867,176,2072
870,178,2073
879,182,2074
882,185,2075
888,189,2076
894,194,2077
902,198,2078
907,198,2079
918,202,2080
931,206,2081
942,210,2082
956,215,2083
967,218,2084
975,221,2085
979,223,2086
982,224,2087
986,226,2088
988,231,2089
990,238,2090
990,243,2091
990,247,2092
993,255,2093
995,261,2094
997,271,2095
998,277,2096
1000,287,2097
1001,294,2098
1003,302,2099
1005,307,2100
1006,311,2101
1006,312,2102
1006,314,2103
1007,317,2104
1007,318,2105
1008,321,2106
1008,320,2107
1013,325,2108
1020,330,2109
1025,333,2110
1032,338,2111
1037,342,2112
1041,346,2113
1042,347,2114
1045,350,2115
1051,355,2116
1053,357,2117
1054,358,2118
1057,359,2119
1059,362,2120
1061,364,2121
1063,365,2122
1066,368,2123
1065,368,2124
1069,371,2125
1070,372,2126
1072,374,2127
1073,374,2128
1074,375,2129
1073,375,2130
1074,376,2131
1073,376,2132
1074,376,2133
1073,375,2134
1074,375,2135
1073,372,2136
1073,367,2137
1075,361,2138
1074,353,2139
1074,346,2140
1072,341,2141
1072,335,2142
1073,330,2143
1073,325,2144
1072,317,2145
1067,311,2146
1063,304,2147
1056,294,2148
1050,287,2149
1045,281,2150
1039,275,2151
1035,269,2152
1030,264,2153
1026,259,2154
1022,253,2155
1018,248,2156
1011,241,2157
1006,234,2158
1001,227,2159
996,220,2160
991,214,2161
987,209,2162
977,201,2163
962,198,2164
946,197,2165
928,195,2166
910,195,2167
892,195,2168
874,192,2169
857,191,2170
839,190,2171
820,187,2172
805,184,2173
789,182,2174
775,179,2175
760,176,2176
749,173,2177
738,170,2178
727,166,2179
717,161,2180
709,154,2181
698,145,2182
689,133,2183
682,123,2184
673,113,2185
664,103,2186
656,92,2187
650,82,2188
643,71,2189
639,66,2190
634,56,2191
632,51,2192
630,51,2193
629,61,2194
627,61,2195
619,49,2196
616,54,2197
604,47,2198
596,47,2199
590,50,2200
588,61,2201
578,49,2202
575,61,2203
572,59,2204
582,42,2205
589,41,2206
605,35,2207
612,34,2208
616,34,2209
619,34,2210
610,43,2211
607,46,2212
600,51,2213
596,54,2214
594,55,2215
594,48,2216
596,48,2217
593,59,2218
600,50,2219
603,48,2220
606,46,2221
604,49,2222
599,47,2223
595,47,2224
591,49,2225
588,48,2226
590,46,2227
591,50,2228
589,54,2229
599,47,2230
599,48,2231
596,50,2232
593,52,2233
589,49,2234
589,49,2235
589,49,2236
589,52,2237
593,48,2238
594,56,2239
600,54,2240
619,35,2241
616,43,2242
620,41,2243
631,35,2244
632,34,2245
628,39,2246
622,43,2247
614,46,2248
607,44,2249
604,44,2250
599,43,2251
596,47,2252
593,52,2253
591,50,2254
597,44,2255
603,44,2256
610,44,2257
603,57,2258
610,48,2259
605,49,2260
598,47,2261
593,46,2262
590,46,2263
591,47,2264
593,49,2265
596,48,2266
598,48,2267
600,48,2268
602,45,2269
601,46,2270
601,47,2271
603,45,2272
606,46,2273
609,45,2274
612,44,2275
618,42,2276
620,43,2277
629,44,2278
634,46,2279
635,47,2280
646,48,2281
646,48,2282
653,48,2283
658,48,2284
661,48,2285
664,49,2286
670,52,2287
678,59,2288
685,64,2289
690,67,2290
697,71,2291
704,75,2292
714,79,2293
718,80,2294
728,83,2295
731,85,2296
738,87,2297
745,91,2298
750,94,2299
757,98,2300
763,101,2301
769,105,2302
775,108,2303
779,110,2304
785,113,2305
791,117,2306
796,119,2307
802,122,2308
808,124,2309
812,127,2310
818,130,2311
823,134,2312
828,136,2313
833,138,2314
839,141,2315
845,145,2316
856,149,2317
863,153,2318
869,157,2319
876,163,2320
882,168,2321
888,172,2322
894,176,2323
900,180,2324
906,185,2325
911,191,2326
918,197,2327
922,200,2328
927,205,2329
932,210,2330
934,213,2331
938,220,2332
943,227,2333
947,232,2334
950,236,2335
954,242,2336
958,246,2337
963,253,2338
967,262,2339
971,269,2340
975,279,2341
980,288,2342
986,296,2343
991,305,2344
996,312,2345
1000,318,2346
1003,322,2347
1006,327,2348
1008,331,2349
1012,336,2350
1015,340,2351
1013,338,2352
1013,339,2353
1013,340,2354
1011,338,2355
1011,339,2356
1011,337,2357
1009,335,2358
1012,334,2359
1011,333,2360
1013,333,2361
1012,333,2362
1013,333,2363
1012,333,2364
1013,333,2365
1010,333,2366
1011,333,2367
1012,333,2368
1008,333,2369
1010,333,2370
1007,332,2371
1005,329,2372
1002,322,2373
997,316,2374
993,312,2375
989,307,2376
986,304,2377
983,298,2378
977,293,2379
968,288,2380
955,284,2381
942,279,2382
930,274,2383
912,268,2384
896,262,2385
880,255,2386
865,249,2387
851,242,2388
831,232,2389
818,227,2390
802,220,2391
783,209,2392
769,201,2393
757,194,2394
744,184,2395
732,175,2396
722,168,2397
713,161,2398
702,154,2399
693,142,2400
684,130,2401
674,115,2402
666,103,2403
657,89,2404
648,72,2405
642,61,2406
637,60,2407
634,61,2408
629,57,2409
624,57,2410
626,58,2411
625,58,2412
621,56,2413
617,56,2414
620,47,2415
615,57,2416
626,44,2417
628,44,2418
628,45,2419
630,45,2420
628,52,2421
629,55,2422
636,57,2423
643,59,2424
650,60,2425
654,60,2426
657,60,2427
661,60,2428
663,60,2429
665,60,2430
669,60,2431
665,60,2432
660,61,2433
650,60,2434
644,55,2435
638,51,2436
634,50,2437
631,48,2438
632,61,2439
620,46,2440
621,56,2441
613,52,2442
NA,NA,2443
600,54,2444
595,55,2445
593,50,2446
598,43,2447
606,41,2448
613,41,2449
629,34,2450
634,34,2451
637,35,2452
632,42,2453
638,46,2454
647,52,2455
651,55,2456
653,57,2457
661,60,2458
666,63,2459
674,65,2460
684,68,2461
688,70,2462
697,73,2463
701,75,2464
708,77,2465
714,78,2466
725,82,2467
735,85,2468
745,87,2469
752,88,2470
760,89,2471
766,90,2472
771,91,2473
780,91,2474
787,92,2475
794,93,2476
802,93,2477
810,97,2478
817,100,2479
825,104,2480
832,107,2481
838,110,2482
844,112,2483
851,115,2484
857,117,2485
867,120,2486
871,122,2487
876,124,2488
881,126,2489
885,127,2490
892,130,2491
897,133,2492
901,134,2493
909,137,2494
917,141,2495
925,145,2496
931,147,2497
936,149,2498
942,151,2499
950,154,2500
954,156,2501
963,160,2502
970,163,2503
974,165,2504
980,167,2505
987,170,2506
997,172,2507
1004,172,2508
1012,173,2509
1020,174,2510
1030,175,2511
1039,177,2512
1047,177,2513
1053,178,2514
1056,178,2515
1057,178,2516
1058,178,2517
1061,178,2518
1061,178,2519
1060,178,2520
1061,178,2521
1062,178,2522
1061,178,2523
1061,177,2524
1062,178,2525
1062,177,2526
1060,178,2527
1061,177,2528
1061,177,2529
1063,178,2530
1061,178,2531
1062,178,2532
1061,177,2533
1060,177,2534
1061,177,2535
1060,177,2536
1058,176,2537
1057,176,2538
1056,176,2539
1059,178,2540
1063,181,2541
1067,183,2542
1069,184,2543
1069,185,2544
1070,186,2545
1073,188,2546
1076,190,2547
1076,191,2548
1078,192,2549
1079,193,2550
1079,194,2551
1082,196,2552
1085,202,2553
1085,208,2554
1086,215,2555
1087,220,2556
1089,228,2557
1091,234,2558
1093,239,2559
1094,245,2560
1097,250,2561
1100,256,2562
1106,262,2563
1111,269,2564
1115,273,2565
1119,276,2566
1125,282,2567
1128,283,2568
1131,286,2569
1134,289,2570
1139,291,2571
1144,293,2572
1147,295,2573
1151,296,2574
1148,296,2575
1150,296,2576
1150,296,2577
1154,296,2578
1155,297,2579
1157,296,2580
1160,296,2581
1157,296,2582
1156,295,2583
1158,296,2584
1161,296,2585
1206,300,2586
1206,299,2587
1207,299,2588
1160,295,2589
1160,295,2590
1161,295,2591
1209,297,2592
1210,295,2593
1212,293,2594
1214,291,2595
1219,287,2596
1226,277,2597
1219,285,2598
1219,285,2599
1219,284,2600
1218,284,2601
1217,284,2602
1218,284,2603
1218,283,2604
1219,283,2605
1217,280,2606
1216,278,2607
1218,274,2608
1218,271,2609
1219,269,2610
1221,266,2611
1221,265,2612
1221,262,2613
1224,250,2614
1215,240,2615
NA,NA,2616
1208,256,2617
1204,252,2618
1203,255,2619
1200,250,2620
1200,250,2621
1199,249,2622
1167,226,2623
1162,224,2624
1158,221,2625
1153,217,2626
1145,212,2627
1141,211,2628
1134,207,2629
1127,205,2630
1119,200,2631
1112,197,2632
1105,193,2633
1095,189,2634
1080,185,2635
1064,184,2636
1044,184,2637
1025,183,2638
1008,184,2639
994,185,2640
978,185,2641
962,185,2642
946,186,2643
930,184,2644
915,178,2645
904,173,2646
893,168,2647
884,164,2648
873,160,2649
866,157,2650
856,152,2651
847,148,2652
835,146,2653
824,147,2654
808,147,2655
795,146,2656
781,146,2657
770,146,2658
757,145,2659
744,144,2660
736,142,2661
727,141,2662
722,141,2663
720,142,2664
721,142,2665
721,144,2666
718,146,2667
712,151,2668
710,153,2669
707,156,2670
705,158,2671
703,160,2672
701,161,2673
699,164,2674
699,165,2675
695,167,2676
690,165,2677
688,157,2678
683,146,2679
675,135,2680
667,122,2681
661,108,2682
652,90,2683
643,71,2684
636,54,2685
634,60,2686
627,59,2687
621,58,2688
612,50,2689
610,50,2690
612,52,2691
613,57,2692
616,54,2693
618,52,2694
620,50,2695
621,51,2696
619,53,2697
619,54,2698
623,53,2699
627,53,2700
632,52,2701
635,52,2702
632,48,2703
624,47,2704
619,48,2705
615,53,2706
613,53,2707
611,51,2708
610,49,2709
608,50,2710
606,49,2711
602,48,2712
600,54,2713
598,56,2714
588,49,2715
584,50,2716
577,49,2717
569,45,2718
566,46,2719
569,44,2720
572,44,2721
582,36,2722
584,43,2723
590,46,2724
599,46,2725
607,43,2726
613,38,2727
615,39,2728
614,41,2729
620,39,2730
613,44,2731
608,48,2732
605,44,2733
604,48,2734
603,49,2735
600,57,2736
600,56,2737
609,53,2738
620,46,2739
621,46,2740
625,46,2741
627,48,2742
633,48,2743
638,47,2744
640,48,2745
643,48,2746
647,47,2747
647,46,2748
639,47,2749
630,46,2750
624,46,2751
621,46,2752
618,47,2753
612,47,2754
604,44,2755
598,47,2756
590,48,2757
583,48,2758
580,52,2759
574,62,2760
580,47,2761
583,45,2762
586,45,2763
591,43,2764
596,41,2765
603,40,2766
616,34,2767
620,34,2768
624,34,2769
618,39,2770
621,39,2771
626,41,2772
619,44,2773
611,50,2774
607,54,2775
603,54,2776
601,53,2777
598,50,2778
593,47,2779
590,50,2780
587,51,2781
580,50,2782
576,53,2783
571,45,2784
569,44,2785
574,40,2786
580,40,2787
587,40,2788
598,36,2789
602,38,2790
606,39,2791
609,40,2792
610,41,2793
615,40,2794
607,47,2795
604,59,2796
603,62,2797
602,55,2798
600,54,2799
599,56,2800
598,54,2801
594,62,2802
592,60,2803
593,56,2804
594,55,2805
609,44,2806
612,44,2807
615,45,2808
621,46,2809
627,47,2810
661,47,2811
663,46,2812
667,45,2813
671,43,2814
674,46,2815
675,51,2816
686,59,2817
693,66,2818
703,71,2819
704,72,2820
715,78,2821
719,80,2822
726,82,2823
731,84,2824
737,86,2825
744,89,2826
749,91,2827
756,96,2828
761,99,2829
768,102,2830
774,106,2831
779,108,2832
785,111,2833
790,114,2834
794,116,2835
801,119,2836
808,120,2837
814,125,2838
817,128,2839
819,133,2840
820,136,2841
821,137,2842
824,144,2843
824,148,2844
822,153,2845
821,158,2846
820,166,2847
820,175,2848
820,182,2849
819,191,2850
819,198,2851
819,203,2852
819,210,2853
820,214,2854
823,217,2855
826,218,2856
832,222,2857
840,227,2858
847,232,2859
855,238,2860
859,241,2861
865,246,2862
871,249,2863
876,251,2864
880,253,2865
883,255,2866
887,257,2867
891,260,2868
895,263,2869
902,267,2870
911,270,2871
920,274,2872
931,279,2873
939,284,2874
949,289,2875
954,291,2876
966,297,2877
975,303,2878
983,307,2879
988,309,2880
997,313,2881
1007,319,2882
1016,324,2883
1024,328,2884
1031,332,2885
1039,335,2886
1047,340,2887
1052,342,2888
1058,346,2889
1063,348,2890
1065,349,2891
1066,349,2892
1068,349,2893
1069,349,2894
1070,350,2895
1071,351,2896
1071,351,2897
1072,351,2898
1072,352,2899
1073,352,2900
1072,352,2901
1072,352,2902
1071,351,2903
1071,352,2904
1068,351,2905
1066,355,2906
1062,357,2907
1056,364,2908
1050,369,2909
1045,375,2910
1041,381,2911
1032,390,2912
1017,394,2913
1006,396,2914
987,402,2915
976,404,2916
963,405,2917
948,406,2918
932,407,2919
912,407,2920
899,407,2921
885,407,2922
871,409,2923
857,410,2924
846,411,2925
832,413,2926
819,415,2927
807,417,2928
795,418,2929
784,420,2930
771,421,2931
761,423,2932
750,425,2933
740,427,2934
729,429,2935
720,431,2936
711,434,2937
702,437,2938
696,440,2939
691,441,2940
683,444,2941
673,448,2942
666,451,2943
659,454,2944
653,458,2945
643,462,2946
636,465,2947
626,469,2948
616,472,2949
606,476,2950
598,479,2951
584,482,2952
574,482,2953
564,482,2954
552,483,2955
541,484,2956
530,485,2957
518,485,2958
513,486,2959
505,487,2960
494,485,2961
485,485,2962
475,485,2963
467,485,2964
459,483,2965
446,479,2966
436,476,2967
422,473,2968
412,470,2969
401,467,2970
390,464,2971
380,462,2972
371,460,2973
362,459,2974
350,457,2975
340,454,2976
334,453,2977
330,453,2978
325,453,2979
322,452,2980
319,451,2981
316,451,2982
314,451,2983
313,451,2984
310,451,2985
309,451,2986
308,450,2987
308,450,2988
306,450,2989
309,451,2990
308,450,2991
306,451,2992
301,451,2993
297,451,2994
289,449,2995
282,445,2996
277,441,2997
272,438,2998
268,434,2999
264,430,3000
259,425,3001
255,423,3002
252,420,3003
249,417,3004
247,416,3005
244,413,3006
242,411,3007
239,408,3008
237,404,3009
237,405,3010
235,404,3011
236,404,3012
237,405,3013
232,401,3014
232,402,3015
223,400,3016
216,396,3017
206,391,3018
199,387,3019
192,384,3020
186,381,3021
178,377,3022
175,376,3023
173,375,3024
169,372,3025
166,370,3026
163,369,3027
162,367,3028
163,367,3029
162,367,3030
163,368,3031
161,367,3032
163,368,3033
161,367,3034
161,363,3035
165,357,3036
173,349,3037
183,335,3038
192,321,3039
203,308,3040
214,297,3041
223,287,3042
233,276,3043
239,269,3044
239,268,3045
240,268,3046
241,267,3047
241,268,3048
243,267,3049
244,267,3050
249,263,3051
260,257,3052
277,249,3053
290,242,3054
311,232,3055
327,222,3056
343,212,3057
359,205,3058
376,195,3059
391,184,3060
408,175,3061
422,167,3062
436,160,3063
451,153,3064
466,145,3065
478,138,3066
492,128,3067
501,119,3068
511,109,3069
521,99,3070
531,91,3071
537,84,3072
545,74,3073
550,69,3074
557,61,3075
562,54,3076
568,48,3077
568,48,3078
570,44,3079
576,38,3080
581,35,3081
NA,NA,3082
NA,NA,3083
559,150,3084
566,159,3085
613,32,3086
611,33,3087
615,44,3088
616,45,3089
617,48,3090
617,63,3091
617,47,3092
617,51,3093
617,51,3094
617,48,3095
616,48,3096
615,48,3097
615,48,3098
615,49,3099
615,49,3100
614,48,3101
615,48,3102
615,49,3103
614,48,3104
613,50,3105
615,56,3106
1219,131,3107
1220,146,3108
611,66,3109
1229,130,3110
608,70,3111
608,72,3112
607,75,3113
604,75,3114
605,77,3115
599,78,3116
596,81,3117
593,83,3118
589,87,3119
583,91,3120
581,94,3121
573,99,3122
570,101,3123
565,104,3124
562,105,3125
560,107,3126
551,113,3127
548,114,3128
547,115,3129
542,117,3130
540,119,3131
536,121,3132
533,123,3133
529,125,3134
523,127,3135
513,133,3136
509,136,3137
506,137,3138
501,139,3139
498,141,3140
494,144,3141
489,147,3142
483,150,3143
477,152,3144
470,154,3145
462,156,3146
452,159,3147
448,161,3148
441,163,3149
437,165,3150
433,167,3151
428,169,3152
423,170,3153
417,172,3154
411,175,3155
406,176,3156
399,179,3157
396,180,3158
391,181,3159
388,183,3160
387,183,3161
392,183,3162
394,181,3163
399,176,3164
405,171,3165
410,166,3166
413,163,3167
416,155,3168
425,149,3169
437,144,3170
456,132,3171
476,121,3172
498,111,3173
519,97,3174
541,86,3175
564,62,3176
583,44,3177
597,34,3178
610,33,3179
616,36,3180
619,39,3181
621,41,3182
622,38,3183
619,42,3184
618,45,3185
616,43,3186
617,56,3187
616,34,3188
617,42,3189
629,35,3190
626,43,3191
628,43,3192
630,43,3193
627,50,3194
626,53,3195
633,55,3196
643,56,3197
649,56,3198
656,57,3199
662,57,3200
667,59,3201
671,59,3202
679,59,3203
686,61,3204
694,65,3205
700,67,3206
711,69,3207
720,70,3208
728,70,3209
733,71,3210
740,71,3211
749,71,3212
754,72,3213
760,72,3214
763,73,3215
769,74,3216
775,75,3217
780,75,3218
786,77,3219
794,83,3220
804,88,3221
809,92,3222
818,96,3223
826,100,3224
831,102,3225
836,105,3226
845,109,3227
850,111,3228
853,113,3229
863,118,3230
871,124,3231
878,130,3232
885,136,3233
894,141,3234
901,145,3235
909,148,3236
916,152,3237
923,156,3238
929,158,3239
935,160,3240
948,167,3241
959,174,3242
970,178,3243
981,183,3244
993,187,3245
1004,191,3246
1013,195,3247
1023,199,3248
1030,202,3249
1038,205,3250
1046,209,3251
1051,211,3252
1061,216,3253
1066,218,3254
1073,222,3255
1080,225,3256
1087,228,3257
1092,231,3258
1098,233,3259
1103,236,3260
1108,238,3261
1112,240,3262
1115,241,3263
1122,246,3264
1128,248,3265
1132,249,3266
1136,251,3267
1140,253,3268
1144,255,3269
1148,257,3270
1150,257,3271
1151,257,3272
1154,258,3273
1157,258,3274
1188,289,3275
1175,280,3276
1175,285,3277
1175,289,3278
1175,294,3279
1175,300,3280
1175,305,3281
1176,299,3282
1176,296,3283
1175,297,3284
1175,305,3285
1175,308,3286
1175,310,3287
1175,313,3288
1175,314,3289
1175,313,3290
1175,320,3291
1208,378,3292
1222,407,3293
1174,320,3294
1174,320,3295
1174,321,3296
1174,320,3297
1174,320,3298
1174,319,3299
1174,319,3300
1174,320,3301
1174,320,3302
1174,321,3303
1174,320,3304
1174,319,3305
1173,322,3306
1220,400,3307
1162,313,3308
1160,312,3309
1156,309,3310
1160,311,3311
1158,309,3312
1158,309,3313
1155,310,3314
1158,315,3315
1161,316,3316
1165,313,3317
1173,303,3318
1197,279,3319
1198,276,3320
1199,273,3321
1200,270,3322
1199,268,3323
1194,267,3324
1191,261,3325
1189,265,3326
1177,254,3327
1176,252,3328
1172,243,3329
1164,237,3330
1156,241,3331
1147,242,3332
1137,240,3333
1124,238,3334
1112,236,3335
1101,235,3336
1085,234,3337
1073,232,3338
1054,230,3339
1044,230,3340
1028,229,3341
1016,229,3342
1006,230,3343
995,231,3344
987,232,3345
978,231,3346
970,228,3347
960,223,3348
945,219,3349
934,215,3350
917,210,3351
905,206,3352
894,202,3353
884,198,3354
870,193,3355
857,189,3356
843,184,3357
832,180,3358
819,174,3359
808,167,3360
797,161,3361
785,155,3362
776,145,3363
764,135,3364
748,123,3365
732,109,3366
716,97,3367
700,84,3368
685,71,3369
676,63,3370
670,57,3371
664,53,3372
660,58,3373
650,32,3374
644,32,3375
637,33,3376
633,32,3377
638,56,3378
630,55,3379
629,58,3380
630,60,3381
629,58,3382
627,58,3383
629,59,3384
633,55,3385
635,55,3386
636,57,3387
637,58,3388
638,58,3389
638,60,3390
640,59,3391
640,62,3392
643,61,3393
645,62,3394
646,61,3395
647,61,3396
646,61,3397
649,62,3398
654,66,3399
658,71,3400
667,76,3401
675,80,3402
681,83,3403
686,85,3404
692,88,3405
699,91,3406
704,93,3407
708,95,3408
711,97,3409
714,99,3410
717,100,3411
727,102,3412
732,106,3413
736,109,3414
742,113,3415
749,116,3416
755,118,3417
764,123,3418
769,126,3419
775,128,3420
780,129,3421
787,132,3422
795,133,3423
802,135,3424
806,136,3425
811,137,3426
814,138,3427
818,140,3428
821,141,3429
823,142,3430
824,142,3431
824,143,3432
828,147,3433
826,150,3434
828,154,3435
830,161,3436
833,170,3437
835,180,3438
836,187,3439
837,197,3440
840,207,3441
842,215,3442
843,223,3443
845,229,3444
847,234,3445
847,238,3446
847,244,3447
845,249,3448
844,254,3449
843,261,3450
842,266,3451
841,274,3452
840,280,3453
839,284,3454
838,291,3455
838,293,3456
837,297,3457
836,301,3458
836,302,3459
836,307,3460
835,308,3461
834,311,3462
834,313,3463
834,313,3464
834,313,3465
834,315,3466
833,316,3467
833,316,3468
833,317,3469
833,316,3470
833,316,3471
832,315,3472
832,313,3473
832,316,3474
829,318,3475
826,317,3476
816,318,3477
807,318,3478
792,318,3479
771,320,3480
762,319,3481
750,318,3482
737,318,3483
724,316,3484
710,309,3485
700,297,3486
688,282,3487
678,269,3488
671,256,3489
664,241,3490
657,227,3491
651,216,3492
645,207,3493
640,197,3494
636,191,3495
634,187,3496
632,183,3497
629,177,3498
628,173,3499
626,171,3500
626,170,3501
624,169,3502
624,168,3503
622,167,3504
623,168,3505
622,167,3506
623,167,3507
623,168,3508
623,167,3509
622,167,3510
623,170,3511
621,174,3512
609,173,3513
601,175,3514
591,176,3515
584,175,3516
579,174,3517
571,173,3518
570,174,3519
565,165,3520
565,146,3521
565,124,3522
571,104,3523
577,74,3524
588,53,3525
602,34,3526
NA,NA,3527
620,55,3528
621,54,3529
620,55,3530
622,50,3531
621,52,3532
622,52,3533
622,53,3534
621,54,3535
622,55,3536
624,57,3537
628,58,3538
635,58,3539
643,58,3540
644,60,3541
647,59,3542
648,58,3543
648,60,3544
654,60,3545
660,65,3546
669,71,3547
683,79,3548
693,83,3549
699,86,3550
707,88,3551
717,92,3552
731,95,3553
737,98,3554
743,99,3555
750,101,3556
759,103,3557
797,114,3558
808,117,3559
816,119,3560
823,121,3561
828,123,3562
836,124,3563
845,126,3564
853,129,3565
865,133,3566
873,135,3567
880,136,3568
886,138,3569
890,139,3570
898,143,3571
903,147,3572
906,153,3573
911,156,3574
915,161,3575
919,164,3576
922,169,3577
927,173,3578
930,177,3579
934,180,3580
937,182,3581
941,184,3582
945,183,3583
952,183,3584
958,184,3585
968,186,3586
974,187,3587
983,189,3588
989,191,3589
995,192,3590
999,193,3591
1001,193,3592
1003,193,3593
1003,193,3594
1005,194,3595
1009,194,3596
1010,195,3597
1009,194,3598
1008,194,3599
1006,194,3600
1006,194,3601
1008,194,3602
1006,193,3603
999,193,3604
994,189,3605
987,182,3606
980,178,3607
974,174,3608
969,170,3609
966,167,3610
956,163,3611
947,163,3612
935,161,3613
921,158,3614
908,157,3615
894,155,3616
885,153,3617
874,152,3618
863,150,3619
853,149,3620
841,148,3621
832,148,3622
823,149,3623
814,150,3624
803,151,3625
793,151,3626
780,153,3627
768,155,3628
756,156,3629
743,157,3630
730,159,3631
715,154,3632
707,147,3633
692,133,3634
681,123,3635
669,107,3636
652,89,3637
639,68,3638
632,60,3639
619,49,3640
616,57,3641
604,46,3642
601,57,3643
594,50,3644
591,52,3645
592,53,3646
596,50,3647
603,49,3648
607,47,3649
611,46,3650
613,47,3651
613,48,3652
610,50,3653
607,52,3654
605,52,3655
603,52,3656
600,53,3657
598,54,3658
597,52,3659
595,50,3660
593,49,3661
593,49,3662
595,46,3663
602,40,3664
615,35,3665
620,34,3666
625,34,3667
629,34,3668
628,36,3669
635,34,3670
632,37,3671
629,39,3672
618,42,3673
611,45,3674
608,50,3675
607,50,3676
605,48,3677
607,57,3678
595,44,3679
591,46,3680
586,47,3681
580,48,3682
577,47,3683
579,45,3684
587,42,3685
601,36,3686
610,35,3687
610,40,3688
615,41,3689
618,41,3690
618,41,3691
615,43,3692
612,45,3693
610,45,3694
611,42,3695
607,44,3696
604,45,3697
601,48,3698
598,48,3699
596,50,3700
596,47,3701
595,47,3702
593,50,3703
591,47,3704
591,47,3705
592,50,3706
595,48,3707
598,47,3708
609,32,3709
613,31,3710
616,32,3711
619,32,3712
620,33,3713
611,33,3714
604,35,3715
601,44,3716
593,46,3717
587,48,3718
584,52,3719
584,45,3720
589,45,3721
595,44,3722
600,46,3723
602,46,3724
604,46,3725
606,45,3726
617,33,3727
619,31,3728
620,31,3729
621,31,3730
623,31,3731
626,32,3732
631,35,3733
636,37,3734
641,40,3735
642,42,3736
646,45,3737
650,46,3738
655,47,3739
658,48,3740
666,51,3741
676,57,3742
679,62,3743
684,67,3744
689,72,3745
694,77,3746
700,81,3747
704,84,3748
713,88,3749
720,92,3750
724,94,3751
727,95,3752
734,97,3753
742,100,3754
748,104,3755
760,110,3756
767,113,3757
773,116,3758
778,118,3759
784,120,3760
791,124,3761
796,125,3762
804,129,3763
811,132,3764
816,134,3765
820,136,3766
825,137,3767
829,140,3768
833,144,3769
838,147,3770
845,152,3771
853,156,3772
860,159,3773
869,165,3774
876,169,3775
881,172,3776
889,175,3777
897,181,3778
905,186,3779
915,190,3780
927,196,3781
936,202,3782
945,207,3783
954,211,3784
962,216,3785
970,220,3786
976,224,3787
984,228,3788
989,231,3789
995,233,3790
1000,236,3791
1004,239,3792
1004,238,3793
1012,242,3794
1012,241,3795
1013,242,3796
1014,242,3797
1015,243,3798
1015,243,3799
1014,244,3800
1014,243,3801
1017,243,3802
1016,243,3803
1017,243,3804
1015,242,3805
1017,242,3806
1017,240,3807
1016,237,3808
1014,234,3809
1016,231,3810
1021,225,3811
1022,222,3812
1023,218,3813
1024,216,3814
1024,211,3815
1020,207,3816
1018,204,3817
1014,197,3818
1010,189,3819
1007,184,3820
1002,176,3821
986,169,3822
979,170,3823
965,170,3824
952,168,3825
938,168,3826
923,168,3827
905,166,3828
889,165,3829
871,164,3830
855,161,3831
834,160,3832
818,162,3833
800,162,3834
783,161,3835
768,160,3836
753,158,3837
738,157,3838
727,155,3839
713,149,3840
702,140,3841
684,125,3842
675,114,3843
663,101,3844
651,88,3845
640,70,3846
635,64,3847
625,47,3848
622,48,3849
619,52,3850
615,47,3851
616,45,3852
616,55,3853
620,54,3854
622,56,3855
622,49,3856
621,51,3857
619,53,3858
619,56,3859
619,56,3860
617,54,3861
618,59,3862
617,54,3863
616,55,3864
616,56,3865
617,61,3866
616,66,3867
612,67,3868
608,69,3869
604,71,3870
594,72,3871
589,73,3872
585,74,3873
582,75,3874
577,76,3875
575,77,3876
572,78,3877
570,79,3878
565,78,3879
565,80,3880
560,82,3881
558,85,3882
551,92,3883
548,96,3884
543,100,3885
537,102,3886
531,106,3887
525,109,3888
519,111,3889
517,113,3890
511,117,3891
507,119,3892
502,121,3893
498,124,3894
493,126,3895
491,127,3896
487,129,3897
483,132,3898
480,133,3899
477,136,3900
477,139,3901
478,143,3902
479,150,3903
481,155,3904
483,157,3905
484,160,3906
486,164,3907
487,168,3908
488,170,3909
494,176,3910
501,170,3911
506,161,3912
522,149,3913
539,137,3914
550,120,3915
569,102,3916
580,87,3917
589,67,3918
598,49,3919
602,49,3920
608,47,3921
612,46,3922
614,49,3923
617,47,3924
622,43,3925
622,48,3926
628,49,3927
631,52,3928
635,53,3929
641,53,3930
645,53,3931
651,53,3932
656,52,3933
660,51,3934
663,50,3935
667,49,3936
668,47,3937
669,47,3938
672,46,3939
675,48,3940
676,52,3941
690,61,3942
697,66,3943
704,71,3944
710,73,3945
715,76,3946
721,79,3947
725,81,3948
732,85,3949
737,87,3950
745,91,3951
751,94,3952
758,98,3953
762,101,3954
767,104,3955
773,105,3956
779,107,3957
784,111,3958
792,114,3959
797,117,3960
804,120,3961
810,122,3962
815,125,3963
821,127,3964
826,129,3965
829,131,3966
833,134,3967
839,135,3968
843,138,3969
851,141,3970
858,144,3971
865,148,3972
872,151,3973
882,153,3974
887,155,3975
897,158,3976
906,161,3977
915,164,3978
920,166,3979
928,168,3980
933,171,3981
944,172,3982
949,172,3983
957,171,3984
965,172,3985
977,172,3986
987,173,3987
994,174,3988
1002,174,3989
1006,173,3990
1010,173,3991
1009,173,3992
1013,173,3993
1015,172,3994
1018,172,3995
1017,172,3996
1019,172,3997
1018,172,3998
1020,172,3999
1019,172,4000
1020,172,4001
1020,172,4002
1020,172,4003
1020,172,4004
1020,172,4005
1019,174,4006
1022,183,4007
1017,191,4008
1014,198,4009
1011,204,4010
1009,217,4011
1008,227,4012
1007,236,4013
1005,244,4014
1003,252,4015
1001,261,4016
999,268,4017
998,275,4018
997,281,4019
995,288,4020
991,297,4021
983,302,4022
972,306,4023
957,312,4024
942,317,4025
930,320,4026
915,322,4027
902,326,4028
887,330,4029
875,333,4030
861,335,4031
845,340,4032
830,344,4033
816,348,4034
806,350,4035
794,354,4036
780,356,4037
772,356,4038
757,354,4039
745,353,4040
733,352,4041
719,351,4042
707,350,4043
694,346,4044
685,337,4045
679,325,4046
669,313,4047
663,300,4048
660,281,4049
654,263,4050
654,237,4051
650,203,4052
649,174,4053
644,143,4054
639,119,4055
634,96,4056
626,66,4057
621,49,4058
615,46,4059
610,46,4060
608,46,4061
606,46,4062
603,46,4063
598,45,4064
595,48,4065
592,50,4066
592,54,4067
590,54,4068
590,56,4069
588,56,4070
589,57,4071
586,56,4072
584,56,4073
583,56,4074
582,57,4075
581,57,4076
579,56,4077
577,60,4078
577,64,4079
574,67,4080
563,74,4081
559,77,4082
553,79,4083
548,82,4084
544,85,4085
539,87,4086
534,89,4087
531,91,4088
529,93,4089
525,96,4090
524,102,4091
523,110,4092
524,115,4093
525,120,4094
526,127,4095
526,130,4096
527,134,4097
529,141,4098
533,145,4099
537,147,4100
539,147,4101
543,150,4102
545,151,4103
547,151,4104
551,145,4105
557,131,4106
566,117,4107
577,101,4108
583,86,4109
589,68,4110
595,49,4111
599,47,4112
603,46,4113
605,46,4114
608,47,4115
612,44,4116
625,35,4117
629,35,4118
628,40,4119
626,43,4120
632,40,4121
633,40,4122
635,39,4123
638,38,4124
640,37,4125
641,37,4126
640,37,4127
639,37,4128
635,41,4129
633,43,4130
630,43,4131
628,43,4132
627,41,4133
626,42,4134
626,43,4135
624,45,4136
625,46,4137
628,48,4138
635,52,4139
644,56,4140
649,57,4141
657,58,4142
661,59,4143
672,61,4144
679,63,4145
684,65,4146
690,67,4147
698,70,4148
705,75,4149
710,79,4150
715,81,4151
722,84,4152
727,86,4153
732,88,4154
741,92,4155
747,95,4156
753,98,4157
758,100,4158
763,103,4159
770,105,4160
774,107,4161
778,110,4162
785,109,4163
792,105,4164
800,103,4165
814,102,4166
825,99,4167
833,97,4168
844,95,4169
855,93,4170
861,92,4171
870,91,4172
882,90,4173
888,88,4174
897,87,4175
907,85,4176
909,85,4177
913,84,4178
918,84,4179
921,83,4180
928,82,4181
934,82,4182
943,82,4183
953,81,4184
961,81,4185
970,82,4186
978,82,4187
985,82,4188
988,81,4189
990,80,4190
994,80,4191
996,79,4192
1001,78,4193
1003,78,4194
1005,77,4195
1010,77,4196
1016,78,4197
1022,80,4198
1030,82,4199
1037,82,4200
1047,83,4201
1056,85,4202
1064,87,4203
1070,88,4204
1078,90,4205
1081,90,4206
1088,92,4207
1090,92,4208
1093,95,4209
1099,102,4210
1102,108,4211
1107,119,4212
1105,118,4213
1104,121,4214
1104,127,4215
1105,130,4216
1106,134,4217
1104,136,4218
1104,141,4219
1105,149,4220
1107,154,4221
1102,152,4222
1102,158,4223
1105,155,4224
1218,163,4225
1104,156,4226
1217,161,4227
1104,155,4228
1103,155,4229
1102,154,4230
1103,156,4231
1104,156,4232
1104,158,4233
1104,158,4234
1104,158,4235
1103,157,4236
1103,157,4237
1101,153,4238
1105,156,4239
1109,157,4240
1111,154,4241
1117,154,4242
1115,153,4243
1115,152,4244
1119,151,4245
1119,150,4246
1124,149,4247
1117,148,4248
1129,142,4249
1130,139,4250
1136,133,4251
1139,130,4252
1142,125,4253
1144,121,4254
1147,116,4255
1218,137,4256
1154,103,4257
1155,100,4258
1158,92,4259
1161,84,4260
1164,81,4261
1169,78,4262
1175,65,4263
1174,64,4264
1179,57,4265
1181,55,4266
1178,58,4267
1171,67,4268
1180,58,4269
1179,59,4270
1178,60,4271
1179,59,4272
1179,59,4273
1178,61,4274
1162,82,4275
1174,64,4276
1206,78,4277
1218,117,4278
1198,79,4279
1155,71,4280
1186,77,4281
1209,91,4282
1206,93,4283
1208,94,4284
1207,95,4285
1205,97,4286
1212,94,4287
1210,113,4288
1205,111,4289
1214,123,4290
1212,125,4291
1208,118,4292
1214,129,4293
1217,132,4294
1217,133,4295
1215,135,4296
1216,134,4297
1217,137,4298
1215,133,4299
1214,140,4300
1239,149,4301
1217,164,4302
1227,86,4303
1204,139,4304
1216,179,4305
1146,272,4306
1135,279,4307
1131,282,4308
1123,287,4309
1116,291,4310
1111,294,4311
1101,297,4312
1088,299,4313
1074,303,4314
1056,310,4315
1042,313,4316
1026,316,4317
1014,319,4318
999,322,4319
984,320,4320
967,316,4321
951,315,4322
933,312,4323
916,309,4324
900,307,4325
885,305,4326
872,302,4327
856,298,4328
844,294,4329
831,291,4330
820,288,4331
808,283,4332
796,276,4333
785,269,4334
775,263,4335
764,255,4336
754,246,4337
745,236,4338
733,225,4339
723,210,4340
714,194,4341
704,179,4342
696,166,4343
688,151,4344
681,139,4345
676,126,4346
670,115,4347
664,105,4348
659,97,4349
655,90,4350
651,82,4351
648,77,4352
646,72,4353
644,69,4354
643,65,4355
641,62,4356
640,61,4357
640,61,4358
639,60,4359
637,57,4360
637,55,4361
638,61,4362
639,60,4363
634,59,4364
630,32,4365
635,59,4366
630,59,4367
630,58,4368
629,58,4369
628,57,4370
620,51,4371
621,53,4372
620,55,4373
619,57,4374
617,58,4375
614,60,4376
610,60,4377
607,59,4378
607,60,4379
605,60,4380
601,60,4381
598,59,4382
594,59,4383
591,61,4384
589,63,4385
583,69,4386
580,73,4387
578,75,4388
573,81,4389
568,85,4390
564,88,4391
562,91,4392
557,96,4393
555,102,4394
556,106,4395
558,105,4396
558,113,4397
558,119,4398
559,121,4399
559,124,4400
560,125,4401
562,129,4402
570,135,4403
578,135,4404
584,135,4405
591,135,4406
595,135,4407
603,135,4408
603,134,4409
608,135,4410
612,135,4411
614,135,4412
617,135,4413
622,134,4414
624,124,4415
621,117,4416
619,107,4417
618,93,4418
617,75,4419
612,50,4420
610,46,4421
609,45,4422
607,44,4423
608,48,4424
605,46,4425
602,45,4426
599,44,4427
596,42,4428
594,42,4429
591,41,4430
589,41,4431
590,44,4432
590,48,4433
594,52,4434
593,54,4435
587,55,4436
584,57,4437
581,58,4438
580,59,4439
577,60,4440
576,60,4441
573,61,4442
571,62,4443
566,63,4444
559,66,4445
555,70,4446
550,78,4447
544,84,4448
538,89,4449
532,94,4450
528,98,4451
522,102,4452
516,106,4453
512,110,4454
511,116,4455
515,123,4456
520,128,4457
526,131,4458
533,135,4459
539,138,4460
544,141,4461
547,141,4462
552,140,4463
555,132,4464
559,117,4465
567,104,4466
578,86,4467
583,69,4468
590,52,4469
594,48,4470
598,49,4471
598,57,4472
605,48,4473
604,59,4474
603,63,4475
610,48,4476
615,45,4477
619,44,4478
624,43,4479
628,42,4480
633,41,4481
637,40,4482
642,37,4483
642,37,4484
643,36,4485
643,36,4486
642,38,4487
641,39,4488
645,40,4489
648,43,4490
653,47,4491
670,53,4492
674,55,4493
680,57,4494
689,60,4495
692,63,4496
704,70,4497
708,72,4498
714,75,4499
720,77,4500
725,79,4501
733,84,4502
739,86,4503
746,88,4504
753,90,4505
761,95,4506
769,100,4507
775,105,4508
782,108,4509
787,110,4510
795,115,4511
800,118,4512
807,122,4513
814,125,4514
819,129,4515
823,131,4516
828,135,4517
833,138,4518
838,140,4519
844,144,4520
847,145,4521
855,150,4522
858,152,4523
861,153,4524
864,154,4525
865,155,4526
867,156,4527
868,155,4528
870,157,4529
869,156,4530
871,157,4531
871,156,4532
871,156,4533
872,157,4534
873,160,4535
871,165,4536
871,172,4537
873,180,4538
876,189,4539
879,198,4540
880,205,4541
882,212,4542
882,216,4543
884,224,4544
885,230,4545
884,237,4546
882,244,4547
879,253,4548
875,262,4549
872,269,4550
862,274,4551
851,276,4552
834,282,4553
820,286,4554
807,289,4555
797,290,4556
787,292,4557
770,294,4558
758,295,4559
746,296,4560
737,297,4561
726,298,4562
716,299,4563
711,299,4564
700,300,4565
688,298,4566
680,295,4567
670,290,4568
662,287,4569
656,284,4570
649,280,4571
645,277,4572
641,274,4573
636,272,4574
634,270,4575
630,267,4576
628,266,4577
625,264,4578
622,263,4579
618,261,4580
617,261,4581
615,260,4582
611,258,4583
611,257,4584
607,255,4585
602,252,4586
596,245,4587
592,240,4588
589,237,4589
585,232,4590
583,230,4591
579,226,4592
575,221,4593
573,218,4594
571,217,4595
565,212,4596
564,213,4597
556,212,4598
550,212,4599
542,213,4600
539,213,4601
533,213,4602
529,213,4603
522,214,4604
518,214,4605
515,214,4606
510,214,4607
507,215,4608
502,215,4609
499,215,4610
498,216,4611
493,217,4612
488,217,4613
485,217,4614
481,217,4615
471,216,4616
465,216,4617
458,215,4618
451,215,4619
445,215,4620
440,215,4621
437,215,4622
435,215,4623
434,216,4624
432,216,4625
430,216,4626
429,216,4627
426,216,4628
427,216,4629
423,217,4630
417,219,4631
412,222,4632
407,224,4633
400,225,4634
394,226,4635
388,228,4636
382,229,4637
375,230,4638
371,232,4639
366,233,4640
364,234,4641
361,234,4642
357,235,4643
355,235,4644
354,236,4645
352,236,4646
351,237,4647
350,237,4648
349,237,4649
349,237,4650
348,238,4651
345,240,4652
342,243,4653
335,247,4654
330,251,4655
323,255,4656
317,257,4657
310,260,4658
304,263,4659
299,266,4660
292,269,4661
286,271,4662
281,272,4663
276,274,4664
273,275,4665
272,276,4666
271,277,4667
270,278,4668
269,279,4669
268,279,4670
267,280,4671
268,280,4672
267,280,4673
268,280,4674
268,280,4675
268,280,4676
267,281,4677
265,283,4678
260,284,4679
254,284,4680
249,284,4681
243,283,4682
236,282,4683
230,281,4684
226,282,4685
219,281,4686
213,280,4687
209,279,4688
204,278,4689
198,277,4690
195,277,4691
188,275,4692
180,274,4693
176,274,4694
170,272,4695
165,271,4696
161,271,4697
157,270,4698
154,269,4699
149,268,4700
147,267,4701
145,267,4702
146,267,4703
145,267,4704
143,266,4705
142,266,4706
142,266,4707
147,267,4708
145,266,4709
145,265,4710
141,266,4711
143,269,4712
138,275,4713
140,282,4714
141,288,4715
142,294,4716
143,297,4717
144,303,4718
145,308,4719
146,316,4720
150,325,4721
152,331,4722
156,339,4723
159,347,4724
161,355,4725
164,361,4726
166,367,4727
169,373,4728
177,386,4729
186,394,4730
193,400,4731
200,407,4732
212,415,4733
220,420,4734
227,425,4735
237,433,4736
248,439,4737
256,443,4738
266,448,4739
287,448,4740
304,445,4741
325,444,4742
340,442,4743
360,438,4744
376,435,4745
392,434,4746
406,434,4747
424,433,4748
437,434,4749
450,437,4750
471,444,4751
479,446,4752
489,449,4753
503,455,4754
514,460,4755
527,466,4756
536,469,4757
549,478,4758
555,482,4759
565,487,4760
574,494,4761
580,503,4762
587,509,4763
590,514,4764
NA,NA,4765
597,523,4766
NA,NA,4767
604,532,4768
605,534,4769
606,536,4770
609,539,4771
611,542,4772
611,545,4773
610,550,4774
611,558,4775
611,560,4776
614,585,4777
612,561,4778
613,561,4779
615,562,4780
617,560,4781
605,583,4782
NA,NA,4783
NA,NA,4784
NA,NA,4785
NA,NA,4786
NA,NA,4787
NA,NA,4788
NA,NA,4789
NA,NA,4790
NA,NA,4791
NA,NA,4792
567,548,4793
NA,NA,4794
NA,NA,4795
NA,NA,4796
NA,NA,4797
NA,NA,4798
NA,NA,4799
NA,NA,4800
NA,NA,4801
519,516,4802
514,513,4803
NA,NA,4804
502,508,4805
496,504,4806
491,501,4807
488,489,4808
490,477,4809
487,462,4810
487,439,4811
489,417,4812
492,391,4813
503,360,4814
516,324,4815
527,293,4816
536,263,4817
546,232,4818
557,191,4819
568,152,4820
579,117,4821
591,81,4822
598,49,4823
606,51,4824
614,48,4825
618,44,4826
619,49,4827
621,47,4828
623,48,4829
627,48,4830
631,51,4831
633,55,4832
636,56,4833
639,57,4834
642,59,4835
644,58,4836
647,58,4837
648,59,4838
649,58,4839
651,57,4840
652,57,4841
654,57,4842
659,60,4843
665,65,4844
672,69,4845
681,74,4846
689,77,4847
695,80,4848
702,83,4849
708,87,4850
714,90,4851
719,92,4852
722,94,4853
728,97,4854
736,100,4855
742,103,4856
746,106,4857
751,110,4858
757,115,4859
763,119,4860
767,122,4861
771,124,4862
775,127,4863
779,130,4864
783,132,4865
791,135,4866
798,137,4867
801,139,4868
813,144,4869
821,148,4870
830,148,4871
838,148,4872
849,150,4873
858,151,4874
868,153,4875
880,155,4876
888,155,4877
896,156,4878
905,156,4879
910,156,4880
917,157,4881
925,158,4882
931,158,4883
939,159,4884
944,159,4885
951,160,4886
956,161,4887
961,161,4888
967,162,4889
976,162,4890
982,162,4891
987,162,4892
995,163,4893
1000,163,4894
1009,164,4895
1014,165,4896
1020,166,4897
1024,167,4898
1028,167,4899
1029,167,4900
1030,166,4901
1032,167,4902
1034,167,4903
1032,167,4904
1033,167,4905
1033,167,4906
1033,167,4907
1033,166,4908
1034,167,4909
1037,168,4910
1044,171,4911
1049,177,4912
1056,183,4913
1061,186,4914
1068,191,4915
1074,194,4916
1080,196,4917
1085,196,4918
1089,198,4919
1092,198,4920
1097,199,4921
1100,200,4922
1103,202,4923
1108,204,4924
1113,206,4925
1117,208,4926
1124,210,4927
1130,213,4928
1134,216,4929
1138,218,4930
1138,219,4931
1141,220,4932
1142,221,4933
1143,221,4934
1143,222,4935
1146,223,4936
1148,224,4937
1150,226,4938
1153,230,4939
1154,233,4940
1155,236,4941
1156,240,4942
1157,242,4943
1163,248,4944
1165,251,4945
1166,257,4946
1167,264,4947
1168,269,4948
1197,304,4949
1198,308,4950
1200,312,4951
1202,316,4952
1204,320,4953
1206,322,4954
1206,324,4955
1207,326,4956
1208,328,4957
1207,328,4958
1208,330,4959
1209,330,4960
1208,330,4961
1206,330,4962
1202,332,4963
1199,333,4964
1198,330,4965
1174,356,4966
1173,355,4967
1170,356,4968
1167,359,4969
1163,362,4970
1162,363,4971
1159,365,4972
1154,367,4973
1144,369,4974
1137,369,4975
1120,373,4976
1108,377,4977
1099,380,4978
1089,383,4979
1081,384,4980
1069,388,4981
1054,394,4982
1041,396,4983
1027,398,4984
1014,402,4985
1001,404,4986
989,406,4987
977,407,4988
964,410,4989
951,413,4990
938,417,4991
922,418,4992
905,419,4993
894,421,4994
875,423,4995
859,423,4996
840,425,4997
825,428,4998
810,431,4999
797,434,5000
784,438,5001
775,441,5002
764,445,5003
753,449,5004
743,452,5005
732,458,5006
724,462,5007
710,467,5008
701,469,5009
688,472,5010
676,474,5011
663,476,5012
654,478,5013
647,479,5014
637,481,5015
629,483,5016
622,485,5017
617,486,5018
608,488,5019
603,488,5020
596,488,5021
588,489,5022
578,485,5023
NA,NA,5024
NA,NA,5025
544,471,5026
531,468,5027
518,462,5028
507,456,5029
500,455,5030
486,449,5031
476,445,5032
470,442,5033
461,437,5034
456,435,5035
451,433,5036
444,431,5037
438,428,5038
431,425,5039
421,422,5040
419,421,5041
417,420,5042
414,420,5043
413,419,5044
465,245,5045
483,216,5046
499,181,5047
516,157,5048
531,137,5049
549,112,5050
571,87,5051
585,54,5052
597,45,5053
609,47,5054
616,45,5055
619,46,5056
620,44,5057
615,45,5058
609,44,5059
605,44,5060
601,45,5061
595,44,5062
591,46,5063
589,50,5064
589,52,5065
590,54,5066
596,46,5067
602,45,5068
615,35,5069
612,40,5070
614,41,5071
611,44,5072
606,46,5073
603,46,5074
602,47,5075
601,51,5076
599,48,5077
593,44,5078
590,47,5079
590,51,5080
589,51,5081
590,51,5082
592,50,5083
596,50,5084
600,50,5085
604,50,5086
610,45,5087
614,44,5088
616,43,5089
616,43,5090
611,45,5091
604,50,5092
601,55,5093
598,55,5094
597,54,5095
598,48,5096
607,35,5097
610,34,5098
612,33,5099
613,32,5100
605,43,5101
612,31,5102
605,42,5103
602,44,5104
598,49,5105
596,47,5106
595,47,5107
602,34,5108
609,34,5109
613,34,5110
618,34,5111
622,34,5112
616,43,5113
618,45,5114
620,46,5115
619,49,5116
625,48,5117
630,48,5118
633,47,5119
637,43,5120
633,41,5121
627,44,5122
620,44,5123
616,45,5124
613,44,5125
606,44,5126
597,42,5127
591,43,5128
587,45,5129
577,36,5130
576,46,5131
578,36,5132
580,41,5133
591,40,5134
608,35,5135
605,45,5136
608,45,5137
612,45,5138
611,45,5139
606,60,5140
597,49,5141
590,45,5142
587,48,5143
588,53,5144
589,51,5145
588,60,5146
588,60,5147
598,45,5148
595,54,5149
597,55,5150
609,45,5151
611,45,5152
613,44,5153
618,40,5154
622,38,5155
624,38,5156
634,33,5157
636,33,5158
636,32,5159
638,32,5160
633,38,5161
628,41,5162
625,58,5163
616,47,5164
611,43,5165
607,34,5166
604,34,5167
607,56,5168
602,46,5169
599,48,5170
598,50,5171
598,52,5172
601,49,5173
607,45,5174
625,33,5175
630,33,5176
633,33,5177
636,33,5178
630,39,5179
638,37,5180
637,42,5181
639,45,5182
656,52,5183
662,54,5184
667,55,5185
675,59,5186
680,61,5187
687,64,5188
692,67,5189
698,69,5190
710,76,5191
717,79,5192
724,80,5193
730,82,5194
742,86,5195
749,89,5196
759,91,5197
767,93,5198
775,96,5199
784,100,5200
795,103,5201
804,106,5202
812,108,5203
820,111,5204
826,114,5205
832,116,5206
841,120,5207
847,121,5208
854,123,5209
866,129,5210
871,130,5211
878,132,5212
885,134,5213
892,136,5214
901,141,5215
911,143,5216
915,144,5217
924,146,5218
934,149,5219
944,150,5220
949,150,5221
957,151,5222
967,152,5223
975,153,5224
984,154,5225
991,154,5226
998,153,5227
1006,154,5228
1015,154,5229
1023,154,5230
1033,154,5231
1040,153,5232
1049,152,5233
1057,151,5234
1065,150,5235
1074,149,5236
1084,148,5237
1091,146,5238
1095,145,5239
1106,140,5240
1106,137,5241
1105,137,5242
1112,132,5243
1113,131,5244
1115,129,5245
1114,129,5246
1116,126,5247
1115,127,5248
1119,124,5249
1116,126,5250
1114,126,5251
1115,126,5252
1114,124,5253
1108,124,5254
1103,125,5255
1098,127,5256
1094,131,5257
1084,127,5258
1079,129,5259
1072,128,5260
1066,127,5261
1058,126,5262
1052,128,5263
1042,129,5264
1031,129,5265
1018,128,5266
1004,129,5267
990,130,5268
976,130,5269
962,129,5270
948,129,5271
937,130,5272
925,130,5273
913,129,5274
903,129,5275
890,129,5276
879,130,5277
867,129,5278
854,130,5279
841,131,5280
830,131,5281
819,131,5282
809,131,5283
798,131,5284
789,130,5285
780,130,5286
771,129,5287
762,128,5288
753,127,5289
747,126,5290
738,125,5291
732,123,5292
728,122,5293
721,121,5294
716,120,5295
708,121,5296
696,123,5297
686,124,5298
677,123,5299
668,116,5300
662,109,5301
654,100,5302
646,89,5303
642,81,5304
636,69,5305
631,62,5306
630,59,5307
617,33,5308
NA,NA,5309
617,55,5310
618,58,5311
616,55,5312
616,58,5313
616,58,5314
616,48,5315
612,58,5316
621,49,5317
623,52,5318
630,46,5319
633,45,5320
635,45,5321
634,43,5322
627,58,5323
614,48,5324
602,43,5325
597,46,5326
594,51,5327
590,49,5328
591,48,5329
597,41,5330
603,39,5331
610,39,5332
619,37,5333
620,38,5334
623,39,5335
630,39,5336
635,40,5337
640,41,5338
641,41,5339
644,39,5340
643,39,5341
637,42,5342
634,42,5343
631,42,5344
629,42,5345
627,44,5346
620,43,5347
617,60,5348
603,35,5349
NA,NA,5350
602,49,5351
598,48,5352
597,48,5353
599,46,5354
606,41,5355
612,41,5356
616,42,5357
632,34,5358
635,34,5359
636,34,5360
628,40,5361
627,40,5362
629,39,5363
632,40,5364
638,40,5365
645,41,5366
644,42,5367
650,41,5368
655,41,5369
659,41,5370
665,40,5371
670,41,5372
673,42,5373
678,44,5374
680,47,5375
687,50,5376
701,56,5377
704,58,5378
712,62,5379
717,64,5380
727,68,5381
731,69,5382
741,74,5383
750,79,5384
758,82,5385
766,85,5386
770,89,5387
777,93,5388
787,101,5389
792,104,5390
799,107,5391
806,110,5392
813,114,5393
820,118,5394
825,120,5395
829,122,5396
835,125,5397
841,129,5398
850,134,5399
861,141,5400
866,143,5401
874,147,5402
881,151,5403
886,154,5404
892,157,5405
898,161,5406
905,165,5407
913,169,5408
920,172,5409
923,174,5410
928,177,5411
933,179,5412
935,181,5413
939,183,5414
940,183,5415
943,184,5416
944,184,5417
945,184,5418
945,185,5419
944,184,5420
944,184,5421
944,184,5422
944,184,5423
944,184,5424
943,184,5425
946,186,5426
945,185,5427
945,184,5428
945,185,5429
945,185,5430
948,193,5431
944,197,5432
941,204,5433
940,208,5434
938,214,5435
935,219,5436
932,225,5437
930,227,5438
928,230,5439
926,232,5440
923,237,5441
922,238,5442
919,240,5443
918,241,5444
917,243,5445
915,245,5446
907,249,5447
898,249,5448
888,248,5449
879,248,5450
866,248,5451
856,247,5452
844,245,5453
836,244,5454
826,242,5455
819,240,5456
816,238,5457
813,236,5458
812,235,5459
811,232,5460
809,230,5461
807,228,5462
806,225,5463
805,224,5464
804,223,5465
804,223,5466
804,224,5467
804,223,5468
809,228,5469
810,230,5470
812,231,5471
804,232,5472
800,235,5473
796,237,5474
792,240,5475
790,242,5476
786,244,5477
783,246,5478
781,247,5479
777,249,5480
773,250,5481
768,252,5482
763,253,5483
757,255,5484
751,255,5485
744,256,5486
739,257,5487
730,258,5488
724,255,5489
715,249,5490
703,241,5491
696,235,5492
687,227,5493
680,220,5494
673,213,5495
667,206,5496
660,198,5497
654,191,5498
649,183,5499
644,176,5500
640,171,5501
637,163,5502
635,151,5503
633,141,5504
630,125,5505
629,112,5506
628,102,5507
626,89,5508
623,76,5509
622,59,5510
621,46,5511
621,29,5512
619,30,5513
624,31,5514
629,32,5515
631,32,5516
632,31,5517
630,32,5518
623,34,5519
619,33,5520
619,39,5521
618,44,5522
617,47,5523
617,33,5524
623,33,5525
629,33,5526
632,34,5527
635,34,5528
636,34,5529
636,34,5530
630,41,5531
625,45,5532
620,47,5533
614,43,5534
611,47,5535
602,45,5536
598,46,5537
596,52,5538
594,52,5539
595,48,5540
611,35,5541
616,33,5542
622,33,5543
620,38,5544
632,33,5545
634,33,5546
637,33,5547
638,36,5548
638,40,5549
643,44,5550
658,51,5551
665,51,5552
669,51,5553
677,53,5554
683,57,5555
691,59,5556
700,62,5557
709,65,5558
720,72,5559
728,76,5560
739,79,5561
746,82,5562
755,85,5563
763,89,5564
770,92,5565
776,94,5566
785,96,5567
791,98,5568
799,100,5569
807,102,5570
814,103,5571
820,104,5572
828,107,5573
837,111,5574
846,114,5575
859,121,5576
866,123,5577
874,126,5578
883,129,5579
891,132,5580
898,135,5581
906,138,5582
912,140,5583
917,141,5584
925,143,5585
933,145,5586
939,147,5587
945,148,5588
950,148,5589
956,148,5590
960,148,5591
963,148,5592
966,148,5593
972,148,5594
976,147,5595
979,147,5596
978,145,5597
978,144,5598
977,142,5599
976,141,5600
980,136,5601
981,134,5602
981,131,5603
979,131,5604
975,131,5605
971,132,5606
968,128,5607
965,127,5608
961,124,5609
959,123,5610
955,120,5611
944,121,5612
937,125,5613
928,127,5614
913,128,5615
901,128,5616
889,129,5617
873,131,5618
857,130,5619
842,130,5620
829,131,5621
815,130,5622
801,129,5623
788,128,5624
778,127,5625
766,125,5626
755,123,5627
745,120,5628
735,117,5629
727,114,5630
720,112,5631
710,107,5632
705,103,5633
694,96,5634
683,87,5635
675,79,5636
664,70,5637
654,60,5638
649,60,5639
632,31,5640
631,33,5641
626,57,5642
625,58,5643
626,49,5644
626,51,5645
625,49,5646
624,51,5647
623,51,5648
617,46,5649
614,55,5650
603,46,5651
598,47,5652
593,46,5653
591,47,5654
590,49,5655
591,49,5656
594,51,5657
597,52,5658
599,51,5659
602,50,5660
604,51,5661
606,51,5662
608,50,5663
610,51,5664
611,51,5665
611,50,5666
611,51,5667
610,52,5668
609,51,5669
608,52,5670
607,54,5671
605,53,5672
604,54,5673
603,54,5674
601,57,5675
599,61,5676
597,65,5677
599,69,5678
589,72,5679
585,74,5680
583,76,5681
580,78,5682
577,80,5683
572,83,5684
568,86,5685
561,87,5686
557,88,5687
548,90,5688
543,92,5689
534,96,5690
528,99,5691
520,104,5692
515,106,5693
509,109,5694
505,111,5695
503,112,5696
500,113,5697
499,114,5698
497,115,5699
496,116,5700
496,118,5701
494,125,5702
497,132,5703
500,138,5704
503,143,5705
505,145,5706
507,149,5707
509,151,5708
511,152,5709
514,151,5710
522,147,5711
528,139,5712
541,130,5713
556,119,5714
566,107,5715
576,92,5716
587,71,5717
592,57,5718
598,48,5719
600,57,5720
602,58,5721
604,59,5722
616,44,5723
618,45,5724
618,49,5725
616,50,5726
611,48,5727
604,45,5728
596,43,5729
589,42,5730
586,44,5731
584,46,5732
587,49,5733
588,53,5734
592,44,5735
594,47,5736
597,48,5737
601,47,5738
608,43,5739
610,43,5740
614,40,5741
616,40,5742
615,41,5743
617,40,5744
618,40,5745
622,39,5746
621,44,5747
626,47,5748
636,52,5749
643,55,5750
653,59,5751
659,60,5752
669,63,5753
676,64,5754
684,66,5755
691,67,5756
698,70,5757
707,75,5758
716,79,5759
722,82,5760
734,86,5761
741,88,5762
749,91,5763
757,94,5764
762,96,5765
770,99,5766
778,102,5767
783,104,5768
791,106,5769
801,111,5770
808,113,5771
817,114,5772
824,117,5773
832,119,5774
839,122,5775
847,125,5776
856,128,5777
868,131,5778
870,131,5779
882,134,5780
888,135,5781
896,137,5782
936,120,5783
934,120,5784
933,116,5785
931,115,5786
930,113,5787
927,112,5788
924,113,5789
915,111,5790
906,111,5791
898,112,5792
893,113,5793
884,111,5794
875,111,5795
866,114,5796
854,116,5797
840,116,5798
826,115,5799
812,113,5800
802,113,5801
792,111,5802
783,109,5803
770,106,5804
760,104,5805
749,101,5806
737,98,5807
727,95,5808
717,92,5809
711,90,5810
703,87,5811
696,82,5812
686,76,5813
676,71,5814
669,65,5815
660,56,5816
658,59,5817
643,32,5818
639,31,5819
634,32,5820
630,32,5821
628,42,5822
621,33,5823
623,58,5824
624,59,5825
620,55,5826
618,48,5827
617,59,5828
619,49,5829
621,45,5830
621,45,5831
621,45,5832
620,44,5833
617,51,5834
618,46,5835
615,45,5836
613,56,5837
NA,NA,5838
NA,NA,5839
602,54,5840
597,46,5841
596,60,5842
589,61,5843
613,35,5844
618,34,5845
615,40,5846
624,34,5847
616,41,5848
629,33,5849
630,33,5850
631,34,5851
626,38,5852
626,40,5853
617,42,5854
611,59,5855
606,54,5856
602,56,5857
605,45,5858
610,41,5859
622,35,5860
621,39,5861
629,37,5862
630,38,5863
634,40,5864
641,42,5865
649,43,5866
654,44,5867
663,44,5868
669,45,5869
672,46,5870
678,46,5871
683,49,5872
696,55,5873
703,58,5874
710,59,5875
720,62,5876
727,65,5877
737,70,5878
747,72,5879
755,74,5880
762,77,5881
768,79,5882
776,81,5883
779,83,5884
786,84,5885
790,86,5886
793,86,5887
795,86,5888
797,87,5889
800,88,5890
801,90,5891
804,93,5892
808,96,5893
810,100,5894
813,101,5895
817,105,5896
821,107,5897
825,110,5898
827,112,5899
829,114,5900
833,118,5901
837,121,5902
840,123,5903
845,128,5904
850,135,5905
856,140,5906
862,144,5907
869,149,5908
874,154,5909
879,158,5910
884,161,5911
888,165,5912
892,168,5913
897,171,5914
898,171,5915
899,172,5916
901,173,5917
902,174,5918
903,175,5919
903,175,5920
905,176,5921
903,174,5922
907,173,5923
909,168,5924
913,165,5925
920,161,5926
927,158,5927
935,155,5928
942,152,5929
949,149,5930
956,145,5931
962,143,5932
969,140,5933
975,137,5934
980,134,5935
985,131,5936
988,129,5937
991,127,5938
995,124,5939
999,122,5940
1002,120,5941
1004,118,5942
1006,116,5943
1011,114,5944
1013,111,5945
1016,110,5946
1020,107,5947
1026,105,5948
1031,102,5949
1035,100,5950
1037,99,5951
1040,97,5952
1048,94,5953
1051,92,5954
1045,94,5955
1046,93,5956
1046,93,5957
1212,104,5958
1044,93,5959
1044,94,5960
1043,94,5961
1043,94,5962
1042,94,5963
1045,92,5964
1045,92,5965
1044,93,5966
1044,93,5967
1045,92,5968
1045,92,5969
1043,93,5970
1043,92,5971
1044,92,5972
1042,93,5973
1040,94,5974
1040,96,5975
1039,97,5976
1042,100,5977
1044,104,5978
1048,107,5979
1047,109,5980
1052,114,5981
1052,116,5982
1057,121,5983
1061,124,5984
1065,129,5985
1064,131,5986
1068,139,5987
1071,146,5988
1075,154,5989
1079,159,5990
1081,162,5991
1084,166,5992
1086,167,5993
1087,168,5994
1087,168,5995
1088,170,5996
1089,172,5997
1088,172,5998
1088,175,5999
1088,179,6000
1088,180,6001
1087,183,6002
1087,188,6003
1087,186,6004
1086,192,6005
1086,190,6006
1087,193,6007
1088,193,6008
1088,196,6009
1091,200,6010
1091,201,6011
1092,204,6012
1095,208,6013
1098,214,6014
1099,216,6015
1100,218,6016
1111,232,6017
1117,240,6018
1119,244,6019
1125,253,6020
1132,262,6021
1135,267,6022
1141,275,6023
1145,282,6024
1151,290,6025
1156,299,6026
1158,302,6027
1160,305,6028
1164,313,6029
1173,327,6030
1173,329,6031
1198,360,6032
1200,364,6033
1199,365,6034
1205,377,6035
1210,386,6036
1212,392,6037
1215,397,6038
1217,403,6039
1220,404,6040
1220,405,6041
1223,418,6042
1221,420,6043
1219,419,6044
1217,417,6045
1259,624,6046
